type,name,steam_appid,required_age,is_free,controller_support,dlc,detailed_description,about_the_game,short_description,fullgame,supported_languages,header_image,website,pc_requirements,mac_requirements,linux_requirements,legal_notice,drm_notice,ext_user_account_notice,developers,publishers,demos,price_overview,packages,package_groups,platforms,metacritic,reviews,categories,genres,screenshots,movies,recommendations,achievements,release_date,support_info,background,content_descriptors
game,Trenchfoot,793570,0,False,full,,"<a href=""https://steamcommunity.com/linkfilter/?url=https://discord.gg/h2qtcnE"" target=""_blank"" rel="" noopener""  >https://discord.gg/h2qtcnE</a><br>Trenchfoot is just good clean local multiplayer fun for up to 16 friends. If you enjoy old-school multiplayer games like Bomberman, you're going to love Trenchfoot!<br><br>Included in the current build of Trenchfoot is:<br><ul class=""bb_ul""><li>Support for up to 16 <strong>local</strong> players<br></li><li>9 powerups and items<br></li><li>Players can place blocks. Blocks add a defensive aspect to the game. Blocks will stop explosions from spreading and can be used to shape dymanic ones.<br></li><li>Flood explosions, these explosions will fill the space available to them. They flood around corners, scurry through bottlenecks and expand into open spaces. <br></li><li>Players place tiles during the gameplay modifying the level<br></li><li>Destroyable blocks are the standard destroyable blocks players can place these. They create temporary barriers, and also continue to add powerups during gameplay.<br></li><li>Water tiles are a player placeable tiles that stop explosions from spreading, but do not hinder player movement<br></li><li>Pipe tiles are a player placeable tile that funnel explosions and players through them. If an explosion gets into a pipe it will be directed through it until it exits. Once it exits it will continue to expand again until its magnitude is expended.<br></li><li>Smaller maps built to support as few as 2 players with larger ones available for up to 16 players.<br></li><li>The game now has music! It's a sweet upbeat happy tune made by a talented artist named Nom.</li></ul><br><strong>Trenchfoot is a local multiplayer only game. There is no single content in the game.</strong>","<a href=""https://steamcommunity.com/linkfilter/?url=https://discord.gg/h2qtcnE"" target=""_blank"" rel="" noopener""  >https://discord.gg/h2qtcnE</a><br>Trenchfoot is just good clean local multiplayer fun for up to 16 friends. If you enjoy old-school multiplayer games like Bomberman, you're going to love Trenchfoot!<br><br>Included in the current build of Trenchfoot is:<br><ul class=""bb_ul""><li>Support for up to 16 <strong>local</strong> players<br></li><li>9 powerups and items<br></li><li>Players can place blocks. Blocks add a defensive aspect to the game. Blocks will stop explosions from spreading and can be used to shape dymanic ones.<br></li><li>Flood explosions, these explosions will fill the space available to them. They flood around corners, scurry through bottlenecks and expand into open spaces. <br></li><li>Players place tiles during the gameplay modifying the level<br></li><li>Destroyable blocks are the standard destroyable blocks players can place these. They create temporary barriers, and also continue to add powerups during gameplay.<br></li><li>Water tiles are a player placeable tiles that stop explosions from spreading, but do not hinder player movement<br></li><li>Pipe tiles are a player placeable tile that funnel explosions and players through them. If an explosion gets into a pipe it will be directed through it until it exits. Once it exits it will continue to expand again until its magnitude is expended.<br></li><li>Smaller maps built to support as few as 2 players with larger ones available for up to 16 players.<br></li><li>The game now has music! It's a sweet upbeat happy tune made by a talented artist named Nom.</li></ul><br><strong>Trenchfoot is a local multiplayer only game. There is no single content in the game.</strong>","If you enjoy old-school local multiplayer games, you're going to love Trenchfoot! Trenchfoot is a fast paced party game for up to 16 players locally!",,English<strong>*</strong><br><strong>*</strong>languages with full audio support,https://cdn.akamai.steamstatic.com/steam/apps/793570/header.jpg?t=1612936536,http://www.cocompadres.com/press/,"{'minimum': '<strong>Minimum:</strong><br><ul class=""bb_ul""><li><strong>OS:</strong> 7<br></li><li><strong>Processor:</strong> Core i3 / Ryzen<br></li><li><strong>Memory:</strong> 512 MB RAM<br></li><li><strong>Graphics:</strong> Integrated Graphics<br></li><li><strong>Storage:</strong> 100 MB available space</li></ul>', 'recommended': '<strong>Recommended:</strong><br><ul class=""bb_ul""><li><strong>OS:</strong> 7<br></li><li><strong>Processor:</strong> Core i7 / Ryzen 5000<br></li><li><strong>Memory:</strong> 2 GB RAM<br></li><li><strong>Graphics:</strong> AMD 5700 or Nvidia 2070 (for Steam\'s remote play)<br></li><li><strong>Network:</strong> Broadband Internet connection<br></li><li><strong>Storage:</strong> 100 MB available space<br></li><li><strong>Sound Card:</strong> Be honest, this is probably the first time you\'ve ever actually read a developer\'s sound card recommendation. Kudos to you my friend! If you have a system that plays sound my recommendation is you crank that puppy to the max and blast The Darkness\'s 2003 power ballad &quot;I Believe in a Thing Called Love&quot;. You can thank me by purchasing the family friendly, fun for all ages, modern, computerized, local multiplayer, video game for computers Trenchfoot (by Cocompadres). ABLR my friends: Always Be Log Rolling. Thanks!</li></ul>'}",[],[],,,,['Cocompadres'],['Cocompadres'],"[{'appid': 1019140, 'description': ''}]","{'currency': 'USD', 'initial': 999, 'final': 999, 'discount_percent': 0, 'initial_formatted': '', 'final_formatted': '$9.99'}",[240490],"[{'name': 'default', 'title': 'Buy Trenchfoot', 'description': '', 'selection_text': 'Select a purchase option', 'save_text': '', 'display_type': 0, 'is_recurring_subscription': 'false', 'subs': [{'packageid': 240490, 'percent_savings_text': ' ', 'percent_savings': 0, 'option_text': 'Trenchfoot - $9.99', 'option_description': '', 'can_get_free_license': '0', 'is_free_license': False, 'price_in_cents_with_discount': 999}]}]","{'windows': True, 'mac': False, 'linux': False}",,"“This game &quot;sounds&quot; like a rolicking good time!”<br />
10/5 – The Handsome Joseph McErlean<br />
","[{'id': 1, 'description': 'Multi-player'}, {'id': 49, 'description': 'PvP'}, {'id': 37, 'description': 'Shared/Split Screen PvP'}, {'id': 24, 'description': 'Shared/Split Screen'}, {'id': 28, 'description': 'Full controller support'}, {'id': 44, 'description': 'Remote Play Together'}]","[{'id': '1', 'description': 'Action'}, {'id': '23', 'description': 'Indie'}]","[{'id': 0, 'path_thumbnail': 'https://cdn.akamai.steamstatic.com/steam/apps/793570/ss_4a5c25ac81b24b57a23722c32c825878e579b09b.600x338.jpg?t=1612936536', 'path_full': 'https://cdn.akamai.steamstatic.com/steam/apps/793570/ss_4a5c25ac81b24b57a23722c32c825878e579b09b.1920x1080.jpg?t=1612936536'}, {'id': 1, 'path_thumbnail': 'https://cdn.akamai.steamstatic.com/steam/apps/793570/ss_673e02b7ec7dee00d61d5c3608ac7b3d1cbd3e74.600x338.jpg?t=1612936536', 'path_full': 'https://cdn.akamai.steamstatic.com/steam/apps/793570/ss_673e02b7ec7dee00d61d5c3608ac7b3d1cbd3e74.1920x1080.jpg?t=1612936536'}]","[{'id': 256714152, 'name': 'Trenchfoot is Different', 'thumbnail': 'https://cdn.akamai.steamstatic.com/steam/apps/256714152/movie.293x165.jpg?t=1523590332', 'webm': {'480': 'http://cdn.akamai.steamstatic.com/steam/apps/256714152/movie480.webm?t=1523590332', 'max': 'http://cdn.akamai.steamstatic.com/steam/apps/256714152/movie_max.webm?t=1523590332'}, 'mp4': {'480': 'http://cdn.akamai.steamstatic.com/steam/apps/256714152/movie480.mp4?t=1523590332', 'max': 'http://cdn.akamai.steamstatic.com/steam/apps/256714152/movie_max.mp4?t=1523590332'}, 'highlight': True}, {'id': 256715400, 'name': 'Gameplay Footage', 'thumbnail': 'https://cdn.akamai.steamstatic.com/steam/apps/256715400/movie.293x165.jpg?t=1524791737', 'webm': {'480': 'http://cdn.akamai.steamstatic.com/steam/apps/256715400/movie480.webm?t=1524791737', 'max': 'http://cdn.akamai.steamstatic.com/steam/apps/256715400/movie_max.webm?t=1524791737'}, 'mp4': {'480': 'http://cdn.akamai.steamstatic.com/steam/apps/256715400/movie480.mp4?t=1524791737', 'max': 'http://cdn.akamai.steamstatic.com/steam/apps/256715400/movie_max.mp4?t=1524791737'}, 'highlight': True}, {'id': 256712454, 'name': 'Trenchfoot Tutorial', 'thumbnail': 'https://cdn.akamai.steamstatic.com/steam/apps/256712454/movie.293x165.jpg?t=1524789510', 'webm': {'480': 'http://cdn.akamai.steamstatic.com/steam/apps/256712454/movie480.webm?t=1524789510', 'max': 'http://cdn.akamai.steamstatic.com/steam/apps/256712454/movie_max.webm?t=1524789510'}, 'mp4': {'480': 'http://cdn.akamai.steamstatic.com/steam/apps/256712454/movie480.mp4?t=1524789510', 'max': 'http://cdn.akamai.steamstatic.com/steam/apps/256712454/movie_max.mp4?t=1524789510'}, 'highlight': True}, {'id': 256708903, 'name': 'Trenchfoot Teaser', 'thumbnail': 'https://cdn.akamai.steamstatic.com/steam/apps/256708903/movie.293x165.jpg?t=1524760422', 'webm': {'480': 'http://cdn.akamai.steamstatic.com/steam/apps/256708903/movie480.webm?t=1524760422', 'max': 'http://cdn.akamai.steamstatic.com/steam/apps/256708903/movie_max.webm?t=1524760422'}, 'mp4': {'480': 'http://cdn.akamai.steamstatic.com/steam/apps/256708903/movie480.mp4?t=1524760422', 'max': 'http://cdn.akamai.steamstatic.com/steam/apps/256708903/movie_max.mp4?t=1524760422'}, 'highlight': True}]",,,"{'coming_soon': False, 'date': 'Feb 6, 2021'}","{'url': 'https://discord.gg/h2qtcnE', 'email': 'trenchfeedback@cocompadres.com'}",https://cdn.akamai.steamstatic.com/steam/apps/793570/page_bg_generated_v6b.jpg?t=1612936536,"{'ids': [], 'notes': None}"
game,Draoi,818070,0,False,,,"The Draoi survive, day by day, in the harsh land, An Domhan. Magic is your only defence against monsters, demons, beasts and occasionally even your neighbours.<br><br>You live in a small cottage, far from the cutthroat madness where you’ll need to use your magical skills in your fight to stay alive. For now, you will visit the town, Baile An Dagda, meet other Draoi, learn new spells and venture on through the dangerous realms in An Domhan. Compete against other Draoi, practice your skills and earn both respect and fear.<br><br>In our world, you can:<br><br><ul class=""bb_ul""><li>Cast spells by carving them in the air with your bare hands. Spells are more powerful for the Draoi that can cast them with the precision and flair of only the mightiest practitioners. If you were born to do this, your enemies will know it.<br></li><li>Experience the power as you summon elemental forces and unleash destruction on your enemies, heal your allies and protect what is yours (nothing better than flying into a battle and spewing a firestorm over your enemies before blasting them off to the horizon with a wave of your hand, hot, smoking and really quite upset)<br></li><li>Enter dangerous battleground arenas, set in the raw landscape of An Domhan, where teams compete to vanquish (and ultimately humiliate) teams of lesser Draoi.<br></li><li>Talk to those around you or coordinate with your team as you explore and battle.<br></li><li>Show off your command of magic while you explore the beauty of Domhan to practice, fly, duel, conjure objects, create adhoc games with other Draoi and revel in the sensation of fluid magical power.</li></ul><br>This is no game. Fight to survive. Become the best. Stay alive. Win.<br><br>Draoi, take your place in An Domhan.","The Draoi survive, day by day, in the harsh land, An Domhan. Magic is your only defence against monsters, demons, beasts and occasionally even your neighbours.<br><br>You live in a small cottage, far from the cutthroat madness where you’ll need to use your magical skills in your fight to stay alive. For now, you will visit the town, Baile An Dagda, meet other Draoi, learn new spells and venture on through the dangerous realms in An Domhan. Compete against other Draoi, practice your skills and earn both respect and fear.<br><br>In our world, you can:<br><br><ul class=""bb_ul""><li>Cast spells by carving them in the air with your bare hands. Spells are more powerful for the Draoi that can cast them with the precision and flair of only the mightiest practitioners. If you were born to do this, your enemies will know it.<br></li><li>Experience the power as you summon elemental forces and unleash destruction on your enemies, heal your allies and protect what is yours (nothing better than flying into a battle and spewing a firestorm over your enemies before blasting them off to the horizon with a wave of your hand, hot, smoking and really quite upset)<br></li><li>Enter dangerous battleground arenas, set in the raw landscape of An Domhan, where teams compete to vanquish (and ultimately humiliate) teams of lesser Draoi.<br></li><li>Talk to those around you or coordinate with your team as you explore and battle.<br></li><li>Show off your command of magic while you explore the beauty of Domhan to practice, fly, duel, conjure objects, create adhoc games with other Draoi and revel in the sensation of fluid magical power.</li></ul><br>This is no game. Fight to survive. Become the best. Stay alive. Win.<br><br>Draoi, take your place in An Domhan.","Draoi (pronounced &quot;Dree&quot;) is a VR, Online, Multiplayer, Magic Battleground where you carve spells in the air with your bare hands!",,English<strong>*</strong><br><strong>*</strong>languages with full audio support,https://cdn.akamai.steamstatic.com/steam/apps/818070/header.jpg?t=1538077745,http://draoi.ie,"{'minimum': '<strong>Minimum:</strong><br><ul class=""bb_ul""><li>Requires a 64-bit processor and operating system<br></li><li><strong>OS:</strong> Windows 10<br></li><li><strong>Processor:</strong> Intel i7-3820 @ 3.6GHz<br></li><li><strong>Memory:</strong> 8 GB RAM<br></li><li><strong>Graphics:</strong> GTX 970<br></li><li><strong>Network:</strong> Broadband Internet connection<br></li><li><strong>Storage:</strong> 7 GB available space<br></li><li><strong>VR Support:</strong> SteamVR. Standing or Room Scale<br></li><li><strong>Additional Notes:</strong> Requires HTC Vive or Oculus Rift headset</li></ul>', 'recommended': '<strong>Recommended:</strong><br><ul class=""bb_ul""><li>Requires a 64-bit processor and operating system<br></li><li><strong>OS:</strong> Windows 10<br></li><li><strong>Processor:</strong> Intel i7-7700 @ 3.6GHz<br></li><li><strong>Memory:</strong> 8 GB RAM<br></li><li><strong>Graphics:</strong> GTX 1080<br></li><li><strong>Network:</strong> Broadband Internet connection<br></li><li><strong>Storage:</strong> 7 GB available space<br></li><li><strong>Additional Notes:</strong> Requires HTC Vive or Oculus Rift headset</li></ul>'}","{'minimum': '<strong>Minimum:</strong><br><ul class=""bb_ul""><li>Requires a 64-bit processor and operating system</li></ul>', 'recommended': '<strong>Recommended:</strong><br><ul class=""bb_ul""><li>Requires a 64-bit processor and operating system</li></ul>'}","{'minimum': '<strong>Minimum:</strong><br><ul class=""bb_ul""><li>Requires a 64-bit processor and operating system</li></ul>', 'recommended': '<strong>Recommended:</strong><br><ul class=""bb_ul""><li>Requires a 64-bit processor and operating system</li></ul>'}",,,,['Avenal Investments Ltd'],['Avenal Investments Ltd'],,"{'currency': 'USD', 'initial': 1999, 'final': 1999, 'discount_percent': 0, 'initial_formatted': '', 'final_formatted': '$19.99'}",[250558],"[{'name': 'default', 'title': 'Buy Draoi', 'description': '', 'selection_text': 'Select a purchase option', 'save_text': '', 'display_type': 0, 'is_recurring_subscription': 'false', 'subs': [{'packageid': 250558, 'percent_savings_text': ' ', 'percent_savings': 0, 'option_text': 'Draoi - $19.99', 'option_description': '', 'can_get_free_license': '0', 'is_free_license': False, 'price_in_cents_with_discount': 1999}]}]","{'windows': True, 'mac': False, 'linux': False}",,,"[{'id': 2, 'description': 'Single-player'}, {'id': 1, 'description': 'Multi-player'}, {'id': 49, 'description': 'PvP'}, {'id': 36, 'description': 'Online PvP'}, {'id': 9, 'description': 'Co-op'}, {'id': 38, 'description': 'Online Co-op'}, {'id': 27, 'description': 'Cross-Platform Multiplayer'}, {'id': 52, 'description': 'Tracked Controller Support'}, {'id': 54, 'description': 'VR Only'}]","[{'id': '3', 'description': 'RPG'}, {'id': '70', 'description': 'Early Access'}]","[{'id': 0, 'path_thumbnail': 'https://cdn.akamai.steamstatic.com/steam/apps/818070/ss_03d1dc648cc52ac997d31d28a3de44a250b0fd7e.600x338.jpg?t=1538077745', 'path_full': 'https://cdn.akamai.steamstatic.com/steam/apps/818070/ss_03d1dc648cc52ac997d31d28a3de44a250b0fd7e.1920x1080.jpg?t=1538077745'}, {'id': 1, 'path_thumbnail': 'https://cdn.akamai.steamstatic.com/steam/apps/818070/ss_22d18d2e86c41ac4c74b5ee73d29db63158b4a98.600x338.jpg?t=1538077745', 'path_full': 'https://cdn.akamai.steamstatic.com/steam/apps/818070/ss_22d18d2e86c41ac4c74b5ee73d29db63158b4a98.1920x1080.jpg?t=1538077745'}, {'id': 2, 'path_thumbnail': 'https://cdn.akamai.steamstatic.com/steam/apps/818070/ss_addc9f86bf269727b8878107f08ff306338777d1.600x338.jpg?t=1538077745', 'path_full': 'https://cdn.akamai.steamstatic.com/steam/apps/818070/ss_addc9f86bf269727b8878107f08ff306338777d1.1920x1080.jpg?t=1538077745'}, {'id': 3, 'path_thumbnail': 'https://cdn.akamai.steamstatic.com/steam/apps/818070/ss_5d6c27ba45fb01b4fa3d6f1dd95dad71d770253b.600x338.jpg?t=1538077745', 'path_full': 'https://cdn.akamai.steamstatic.com/steam/apps/818070/ss_5d6c27ba45fb01b4fa3d6f1dd95dad71d770253b.1920x1080.jpg?t=1538077745'}, {'id': 4, 'path_thumbnail': 'https://cdn.akamai.steamstatic.com/steam/apps/818070/ss_cecfa96ab80b40d62eb3e70ae98874d852d8dab5.600x338.jpg?t=1538077745', 'path_full': 'https://cdn.akamai.steamstatic.com/steam/apps/818070/ss_cecfa96ab80b40d62eb3e70ae98874d852d8dab5.1920x1080.jpg?t=1538077745'}]","[{'id': 256722666, 'name': 'Draoi Teaser Trailer', 'thumbnail': 'https://cdn.akamai.steamstatic.com/steam/apps/256722666/movie.293x165.jpg?t=1531821093', 'webm': {'480': 'http://cdn.akamai.steamstatic.com/steam/apps/256722666/movie480.webm?t=1531821093', 'max': 'http://cdn.akamai.steamstatic.com/steam/apps/256722666/movie_max.webm?t=1531821093'}, 'mp4': {'480': 'http://cdn.akamai.steamstatic.com/steam/apps/256722666/movie480.mp4?t=1531821093', 'max': 'http://cdn.akamai.steamstatic.com/steam/apps/256722666/movie_max.mp4?t=1531821093'}, 'highlight': True}]",,,"{'coming_soon': False, 'date': 'Sep 27, 2018'}","{'url': '', 'email': 'support@draoi.ie'}",https://cdn.akamai.steamstatic.com/steam/apps/818070/page_bg_generated_v6b.jpg?t=1538077745,"{'ids': [], 'notes': None}"
game,Summer: Jigsaw Puzzles,888880,0,False,,,"Summer: Jigsaw Puzzles. It‘s a clever and colorful learning experience. Puzzles are a challenging young minds, teaching and preparing them early in life some very important life skills.<br />
<br />
Colorful and bright Summer: Jigsaw Puzzles will strike your imagination in assorted piece counts, shapes and levels of difficulty. Dozens of Summer Jigsaw Puzzles to suit any puzzler. Whether you love puzzles with beaches, nostalgic scenes and family gatherings, great vacation destinations or hometown scenes.<br />
<br />
FEATURES:<br />
<br />
- Perfect for all ages<br />
- A lot of beautiful and high-quality photos<br />
- Teaches cognitive skills, fine motor skills, patience and ability to focus<br />
- Option of quantity from 2 to 1000 jigsaw pieces<br />
- Relaxes your mind<br />
- More Than 100 Puzzles to Exercise Your Mind<br />
- Castle puzzling atmosphere.<br />
- Traditional puzzle gameplay.<br />
- Simple controls make it easy to solve picture!","Summer: Jigsaw Puzzles. It‘s a clever and colorful learning experience. Puzzles are a challenging young minds, teaching and preparing them early in life some very important life skills.<br />
<br />
Colorful and bright Summer: Jigsaw Puzzles will strike your imagination in assorted piece counts, shapes and levels of difficulty. Dozens of Summer Jigsaw Puzzles to suit any puzzler. Whether you love puzzles with beaches, nostalgic scenes and family gatherings, great vacation destinations or hometown scenes.<br />
<br />
FEATURES:<br />
<br />
- Perfect for all ages<br />
- A lot of beautiful and high-quality photos<br />
- Teaches cognitive skills, fine motor skills, patience and ability to focus<br />
- Option of quantity from 2 to 1000 jigsaw pieces<br />
- Relaxes your mind<br />
- More Than 100 Puzzles to Exercise Your Mind<br />
- Castle puzzling atmosphere.<br />
- Traditional puzzle gameplay.<br />
- Simple controls make it easy to solve picture!","Colorful and bright Summer: Jigsaw Puzzles will strike your imagination in assorted piece counts, shapes and levels of difficulty. Dozens of Summer Jigsaw Puzzles to suit any puzzler. Whether you love puzzles with beaches, nostalgic scenes and family gatherings, great vacation destinations or hometown scenes.",,English,https://cdn.akamai.steamstatic.com/steam/apps/888880/header.jpg?t=1667171448,,"{'minimum': '<strong>Minimum:</strong><br><ul class=""bb_ul""><li><strong>OS:</strong> Windows XP, Vista, 7, 8, 10<br></li><li><strong>Memory:</strong> 1 GB RAM<br></li><li><strong>Graphics:</strong> 128MB or higher<br></li><li><strong>Storage:</strong> 300 MB available space</li></ul>'}",[],[],,,,['Myarcadegames Studios'],['Myarcadegames Studios'],,"{'currency': 'USD', 'initial': 399, 'final': 399, 'discount_percent': 0, 'initial_formatted': '', 'final_formatted': '$3.99'}",[283070],"[{'name': 'default', 'title': 'Buy Summer: Jigsaw Puzzles', 'description': '', 'selection_text': 'Select a purchase option', 'save_text': '', 'display_type': 0, 'is_recurring_subscription': 'false', 'subs': [{'packageid': 283070, 'percent_savings_text': ' ', 'percent_savings': 0, 'option_text': 'Summer: Jigsaw Puzzles - $3.99', 'option_description': '', 'can_get_free_license': '0', 'is_free_license': False, 'price_in_cents_with_discount': 399}]}]","{'windows': True, 'mac': False, 'linux': False}",,,"[{'id': 2, 'description': 'Single-player'}]","[{'id': '25', 'description': 'Adventure'}, {'id': '4', 'description': 'Casual'}, {'id': '23', 'description': 'Indie'}, {'id': '28', 'description': 'Simulation'}, {'id': '18', 'description': 'Sports'}, {'id': '2', 'description': 'Strategy'}]","[{'id': 0, 'path_thumbnail': 'https://cdn.akamai.steamstatic.com/steam/apps/888880/ss_998e1e1ec6273072bc579e41843bf1629015ff89.600x338.jpg?t=1667171448', 'path_full': 'https://cdn.akamai.steamstatic.com/steam/apps/888880/ss_998e1e1ec6273072bc579e41843bf1629015ff89.1920x1080.jpg?t=1667171448'}, {'id': 1, 'path_thumbnail': 'https://cdn.akamai.steamstatic.com/steam/apps/888880/ss_1b1d26a6d424e034cfdae6c396b96741c883d328.600x338.jpg?t=1667171448', 'path_full': 'https://cdn.akamai.steamstatic.com/steam/apps/888880/ss_1b1d26a6d424e034cfdae6c396b96741c883d328.1920x1080.jpg?t=1667171448'}, {'id': 2, 'path_thumbnail': 'https://cdn.akamai.steamstatic.com/steam/apps/888880/ss_d7a18a036ecacb9f5232e077ed1e6fc79c07fc7e.600x338.jpg?t=1667171448', 'path_full': 'https://cdn.akamai.steamstatic.com/steam/apps/888880/ss_d7a18a036ecacb9f5232e077ed1e6fc79c07fc7e.1920x1080.jpg?t=1667171448'}, {'id': 3, 'path_thumbnail': 'https://cdn.akamai.steamstatic.com/steam/apps/888880/ss_21e9fcdd66bd25d641c36d8dc3abc85fb3dddf34.600x338.jpg?t=1667171448', 'path_full': 'https://cdn.akamai.steamstatic.com/steam/apps/888880/ss_21e9fcdd66bd25d641c36d8dc3abc85fb3dddf34.1920x1080.jpg?t=1667171448'}, {'id': 4, 'path_thumbnail': 'https://cdn.akamai.steamstatic.com/steam/apps/888880/ss_932ba1216ee9d3e03e3234a5b37c9a9f1f1eb640.600x338.jpg?t=1667171448', 'path_full': 'https://cdn.akamai.steamstatic.com/steam/apps/888880/ss_932ba1216ee9d3e03e3234a5b37c9a9f1f1eb640.1920x1080.jpg?t=1667171448'}, {'id': 5, 'path_thumbnail': 'https://cdn.akamai.steamstatic.com/steam/apps/888880/ss_4103ba848e34e3bd2e6a1594488c36e6a912ba62.600x338.jpg?t=1667171448', 'path_full': 'https://cdn.akamai.steamstatic.com/steam/apps/888880/ss_4103ba848e34e3bd2e6a1594488c36e6a912ba62.1920x1080.jpg?t=1667171448'}, {'id': 6, 'path_thumbnail': 'https://cdn.akamai.steamstatic.com/steam/apps/888880/ss_0cef5b93e0b1a4d1085e26807dc8800cf4f70594.600x338.jpg?t=1667171448', 'path_full': 'https://cdn.akamai.steamstatic.com/steam/apps/888880/ss_0cef5b93e0b1a4d1085e26807dc8800cf4f70594.1920x1080.jpg?t=1667171448'}, {'id': 7, 'path_thumbnail': 'https://cdn.akamai.steamstatic.com/steam/apps/888880/ss_1351c14dbc215332e4e3fe7a0c78a088efc4733c.600x338.jpg?t=1667171448', 'path_full': 'https://cdn.akamai.steamstatic.com/steam/apps/888880/ss_1351c14dbc215332e4e3fe7a0c78a088efc4733c.1920x1080.jpg?t=1667171448'}, {'id': 8, 'path_thumbnail': 'https://cdn.akamai.steamstatic.com/steam/apps/888880/ss_1a0445c5d49bde4795f808be7f06bb897a75d810.600x338.jpg?t=1667171448', 'path_full': 'https://cdn.akamai.steamstatic.com/steam/apps/888880/ss_1a0445c5d49bde4795f808be7f06bb897a75d810.1920x1080.jpg?t=1667171448'}, {'id': 9, 'path_thumbnail': 'https://cdn.akamai.steamstatic.com/steam/apps/888880/ss_0cd4ddc940cd12e7667c06013b6209a0da8ae88b.600x338.jpg?t=1667171448', 'path_full': 'https://cdn.akamai.steamstatic.com/steam/apps/888880/ss_0cd4ddc940cd12e7667c06013b6209a0da8ae88b.1920x1080.jpg?t=1667171448'}, {'id': 10, 'path_thumbnail': 'https://cdn.akamai.steamstatic.com/steam/apps/888880/ss_d1f38778e4f7d463d44e152503564ae1f150d5db.600x338.jpg?t=1667171448', 'path_full': 'https://cdn.akamai.steamstatic.com/steam/apps/888880/ss_d1f38778e4f7d463d44e152503564ae1f150d5db.1920x1080.jpg?t=1667171448'}, {'id': 11, 'path_thumbnail': 'https://cdn.akamai.steamstatic.com/steam/apps/888880/ss_e1662432d61fe6dbeed94f77c92436bdfd16ec2b.600x338.jpg?t=1667171448', 'path_full': 'https://cdn.akamai.steamstatic.com/steam/apps/888880/ss_e1662432d61fe6dbeed94f77c92436bdfd16ec2b.1920x1080.jpg?t=1667171448'}, {'id': 12, 'path_thumbnail': 'https://cdn.akamai.steamstatic.com/steam/apps/888880/ss_97d1f1733803a062c3ebfc683d8edd3daae289f2.600x338.jpg?t=1667171448', 'path_full': 'https://cdn.akamai.steamstatic.com/steam/apps/888880/ss_97d1f1733803a062c3ebfc683d8edd3daae289f2.1920x1080.jpg?t=1667171448'}, {'id': 13, 'path_thumbnail': 'https://cdn.akamai.steamstatic.com/steam/apps/888880/ss_998e1e1ec6273072bc579e41843bf1629015ff89.600x338.jpg?t=1667171448', 'path_full': 'https://cdn.akamai.steamstatic.com/steam/apps/888880/ss_998e1e1ec6273072bc579e41843bf1629015ff89.1920x1080.jpg?t=1667171448'}, {'id': 14, 'path_thumbnail': 'https://cdn.akamai.steamstatic.com/steam/apps/888880/ss_ee437afc11e4ea71fef2125874a6d7e1e41f98ac.600x338.jpg?t=1667171448', 'path_full': 'https://cdn.akamai.steamstatic.com/steam/apps/888880/ss_ee437afc11e4ea71fef2125874a6d7e1e41f98ac.1920x1080.jpg?t=1667171448'}, {'id': 15, 'path_thumbnail': 'https://cdn.akamai.steamstatic.com/steam/apps/888880/ss_3a371406daacb0bf04a22dab3f1f3d7edb3c0aca.600x338.jpg?t=1667171448', 'path_full': 'https://cdn.akamai.steamstatic.com/steam/apps/888880/ss_3a371406daacb0bf04a22dab3f1f3d7edb3c0aca.1920x1080.jpg?t=1667171448'}, {'id': 16, 'path_thumbnail': 'https://cdn.akamai.steamstatic.com/steam/apps/888880/ss_1055613bbcd6df283a750825e8e22c34820384fc.600x338.jpg?t=1667171448', 'path_full': 'https://cdn.akamai.steamstatic.com/steam/apps/888880/ss_1055613bbcd6df283a750825e8e22c34820384fc.1920x1080.jpg?t=1667171448'}, {'id': 17, 'path_thumbnail': 'https://cdn.akamai.steamstatic.com/steam/apps/888880/ss_d7a18a036ecacb9f5232e077ed1e6fc79c07fc7e.600x338.jpg?t=1667171448', 'path_full': 'https://cdn.akamai.steamstatic.com/steam/apps/888880/ss_d7a18a036ecacb9f5232e077ed1e6fc79c07fc7e.1920x1080.jpg?t=1667171448'}, {'id': 18, 'path_thumbnail': 'https://cdn.akamai.steamstatic.com/steam/apps/888880/ss_932ba1216ee9d3e03e3234a5b37c9a9f1f1eb640.600x338.jpg?t=1667171448', 'path_full': 'https://cdn.akamai.steamstatic.com/steam/apps/888880/ss_932ba1216ee9d3e03e3234a5b37c9a9f1f1eb640.1920x1080.jpg?t=1667171448'}, {'id': 19, 'path_thumbnail': 'https://cdn.akamai.steamstatic.com/steam/apps/888880/ss_4103ba848e34e3bd2e6a1594488c36e6a912ba62.600x338.jpg?t=1667171448', 'path_full': 'https://cdn.akamai.steamstatic.com/steam/apps/888880/ss_4103ba848e34e3bd2e6a1594488c36e6a912ba62.1920x1080.jpg?t=1667171448'}, {'id': 20, 'path_thumbnail': 'https://cdn.akamai.steamstatic.com/steam/apps/888880/ss_21e9fcdd66bd25d641c36d8dc3abc85fb3dddf34.600x338.jpg?t=1667171448', 'path_full': 'https://cdn.akamai.steamstatic.com/steam/apps/888880/ss_21e9fcdd66bd25d641c36d8dc3abc85fb3dddf34.1920x1080.jpg?t=1667171448'}, {'id': 21, 'path_thumbnail': 'https://cdn.akamai.steamstatic.com/steam/apps/888880/ss_0cef5b93e0b1a4d1085e26807dc8800cf4f70594.600x338.jpg?t=1667171448', 'path_full': 'https://cdn.akamai.steamstatic.com/steam/apps/888880/ss_0cef5b93e0b1a4d1085e26807dc8800cf4f70594.1920x1080.jpg?t=1667171448'}, {'id': 22, 'path_thumbnail': 'https://cdn.akamai.steamstatic.com/steam/apps/888880/ss_1351c14dbc215332e4e3fe7a0c78a088efc4733c.600x338.jpg?t=1667171448', 'path_full': 'https://cdn.akamai.steamstatic.com/steam/apps/888880/ss_1351c14dbc215332e4e3fe7a0c78a088efc4733c.1920x1080.jpg?t=1667171448'}, {'id': 23, 'path_thumbnail': 'https://cdn.akamai.steamstatic.com/steam/apps/888880/ss_1a0445c5d49bde4795f808be7f06bb897a75d810.600x338.jpg?t=1667171448', 'path_full': 'https://cdn.akamai.steamstatic.com/steam/apps/888880/ss_1a0445c5d49bde4795f808be7f06bb897a75d810.1920x1080.jpg?t=1667171448'}, {'id': 24, 'path_thumbnail': 'https://cdn.akamai.steamstatic.com/steam/apps/888880/ss_0cd4ddc940cd12e7667c06013b6209a0da8ae88b.600x338.jpg?t=1667171448', 'path_full': 'https://cdn.akamai.steamstatic.com/steam/apps/888880/ss_0cd4ddc940cd12e7667c06013b6209a0da8ae88b.1920x1080.jpg?t=1667171448'}, {'id': 25, 'path_thumbnail': 'https://cdn.akamai.steamstatic.com/steam/apps/888880/ss_d1f38778e4f7d463d44e152503564ae1f150d5db.600x338.jpg?t=1667171448', 'path_full': 'https://cdn.akamai.steamstatic.com/steam/apps/888880/ss_d1f38778e4f7d463d44e152503564ae1f150d5db.1920x1080.jpg?t=1667171448'}, {'id': 26, 'path_thumbnail': 'https://cdn.akamai.steamstatic.com/steam/apps/888880/ss_e1662432d61fe6dbeed94f77c92436bdfd16ec2b.600x338.jpg?t=1667171448', 'path_full': 'https://cdn.akamai.steamstatic.com/steam/apps/888880/ss_e1662432d61fe6dbeed94f77c92436bdfd16ec2b.1920x1080.jpg?t=1667171448'}, {'id': 27, 'path_thumbnail': 'https://cdn.akamai.steamstatic.com/steam/apps/888880/ss_97d1f1733803a062c3ebfc683d8edd3daae289f2.600x338.jpg?t=1667171448', 'path_full': 'https://cdn.akamai.steamstatic.com/steam/apps/888880/ss_97d1f1733803a062c3ebfc683d8edd3daae289f2.1920x1080.jpg?t=1667171448'}, {'id': 28, 'path_thumbnail': 'https://cdn.akamai.steamstatic.com/steam/apps/888880/ss_1b1d26a6d424e034cfdae6c396b96741c883d328.600x338.jpg?t=1667171448', 'path_full': 'https://cdn.akamai.steamstatic.com/steam/apps/888880/ss_1b1d26a6d424e034cfdae6c396b96741c883d328.1920x1080.jpg?t=1667171448'}, {'id': 29, 'path_thumbnail': 'https://cdn.akamai.steamstatic.com/steam/apps/888880/ss_ee437afc11e4ea71fef2125874a6d7e1e41f98ac.600x338.jpg?t=1667171448', 'path_full': 'https://cdn.akamai.steamstatic.com/steam/apps/888880/ss_ee437afc11e4ea71fef2125874a6d7e1e41f98ac.1920x1080.jpg?t=1667171448'}, {'id': 30, 'path_thumbnail': 'https://cdn.akamai.steamstatic.com/steam/apps/888880/ss_3a371406daacb0bf04a22dab3f1f3d7edb3c0aca.600x338.jpg?t=1667171448', 'path_full': 'https://cdn.akamai.steamstatic.com/steam/apps/888880/ss_3a371406daacb0bf04a22dab3f1f3d7edb3c0aca.1920x1080.jpg?t=1667171448'}, {'id': 31, 'path_thumbnail': 'https://cdn.akamai.steamstatic.com/steam/apps/888880/ss_f569b17b4f1e0e6a18c309daf8e68fe6d865f404.600x338.jpg?t=1667171448', 'path_full': 'https://cdn.akamai.steamstatic.com/steam/apps/888880/ss_f569b17b4f1e0e6a18c309daf8e68fe6d865f404.1920x1080.jpg?t=1667171448'}, {'id': 32, 'path_thumbnail': 'https://cdn.akamai.steamstatic.com/steam/apps/888880/ss_1055613bbcd6df283a750825e8e22c34820384fc.600x338.jpg?t=1667171448', 'path_full': 'https://cdn.akamai.steamstatic.com/steam/apps/888880/ss_1055613bbcd6df283a750825e8e22c34820384fc.1920x1080.jpg?t=1667171448'}]","[{'id': 256720604, 'name': 'Summer', 'thumbnail': 'https://cdn.akamai.steamstatic.com/steam/apps/256720604/movie.293x165.jpg?t=1530080088', 'webm': {'480': 'http://cdn.akamai.steamstatic.com/steam/apps/256720604/movie480.webm?t=1530080088', 'max': 'http://cdn.akamai.steamstatic.com/steam/apps/256720604/movie_max.webm?t=1530080088'}, 'mp4': {'480': 'http://cdn.akamai.steamstatic.com/steam/apps/256720604/movie480.mp4?t=1530080088', 'max': 'http://cdn.akamai.steamstatic.com/steam/apps/256720604/movie_max.mp4?t=1530080088'}, 'highlight': True}]",,,"{'coming_soon': False, 'date': 'Jul 17, 2018'}","{'url': 'http://www.boogygames.com', 'email': 'boogygames@outlook.com'}",https://cdn.akamai.steamstatic.com/steam/apps/888880/page_bg_generated_v6b.jpg?t=1667171448,"{'ids': [], 'notes': None}"
game,Viper Attack,897970,0,False,,,"Inspired by classic arcade games, Viper Attack is a fast, addictive and arcade shoot-up!<br>Gillsoft has introduced a new element into the gameplay of Shootem Up Games and that is inertia control. Prove skill as you fight through the levels. Collect new weapons and powerups to defeat the aliens.<br><br>After some human colonies have fallen victim to the aliens, you are standing between them and the earth.<h2 class=""bb_tag"">Features</h2><br><ul class=""bb_ul""><li>20 brutally levels<br></li><li>3 spaceships to choose from<br></li><li>Inertia control - each spaceship behaves differently<br></li><li>Lots of powerups<br></li><li>Great variety of enemies <br></li><li>online high score <br></li><li>online Hall of Fame <br></li><li>Beautiful HD 3D graphics</li></ul><br>Features included when launching the Early Access version:<br><br><ul class=""bb_ul""><li>8 brutally levels<br></li><li>2 spaceships to choose from <br></li><li>Inertia control - each spaceship behaves differently <br></li><li>some powerups<br></li><li>many enemies<br></li><li>online high score<br></li><li>Beautiful HD 3D graphics</li></ul>","Inspired by classic arcade games, Viper Attack is a fast, addictive and arcade shoot-up!<br>Gillsoft has introduced a new element into the gameplay of Shootem Up Games and that is inertia control. Prove skill as you fight through the levels. Collect new weapons and powerups to defeat the aliens.<br><br>After some human colonies have fallen victim to the aliens, you are standing between them and the earth.<h2 class=""bb_tag"">Features</h2><br><ul class=""bb_ul""><li>20 brutally levels<br></li><li>3 spaceships to choose from<br></li><li>Inertia control - each spaceship behaves differently<br></li><li>Lots of powerups<br></li><li>Great variety of enemies <br></li><li>online high score <br></li><li>online Hall of Fame <br></li><li>Beautiful HD 3D graphics</li></ul><br>Features included when launching the Early Access version:<br><br><ul class=""bb_ul""><li>8 brutally levels<br></li><li>2 spaceships to choose from <br></li><li>Inertia control - each spaceship behaves differently <br></li><li>some powerups<br></li><li>many enemies<br></li><li>online high score<br></li><li>Beautiful HD 3D graphics</li></ul>","Inspired by classic arcade games, Viper Attack is a fast, addictive arcade shoot-up! Master the challenge and fight your way through many brutal levels",,"English, German",https://cdn.akamai.steamstatic.com/steam/apps/897970/header.jpg?t=1579882287,,"{'minimum': '<strong>Minimum:</strong><br><ul class=""bb_ul""><li>Requires a 64-bit processor and operating system<br></li><li><strong>OS:</strong> Windows 7 SP1+<br></li><li><strong>Processor:</strong> Dual Core 2 GHz +, Support für das SSE2-Instruction-Set<br></li><li><strong>Memory:</strong> 8 GB RAM<br></li><li><strong>Graphics:</strong> Geforce GTX 750 Ti (AMD or NVIDIA equivalent) +<br></li><li><strong>DirectX:</strong> Version 11<br></li><li><strong>Storage:</strong> 2 GB available space<br></li><li><strong>Additional Notes:</strong> Gamepad recommended</li></ul>', 'recommended': '<strong>Recommended:</strong><br><ul class=""bb_ul""><li>Requires a 64-bit processor and operating system</li></ul>'}","{'minimum': '<strong>Minimum:</strong><br><ul class=""bb_ul""><li>Requires a 64-bit processor and operating system</li></ul>', 'recommended': '<strong>Recommended:</strong><br><ul class=""bb_ul""><li>Requires a 64-bit processor and operating system</li></ul>'}","{'minimum': '<strong>Minimum:</strong><br><ul class=""bb_ul""><li>Requires a 64-bit processor and operating system</li></ul>', 'recommended': '<strong>Recommended:</strong><br><ul class=""bb_ul""><li>Requires a 64-bit processor and operating system</li></ul>'}",©2019 Gillsoft. All rights reserved.,,,['Gillsoft'],['Gillsoft'],,"{'currency': 'USD', 'initial': 199, 'final': 199, 'discount_percent': 0, 'initial_formatted': '', 'final_formatted': '$1.99'}",[287179],"[{'name': 'default', 'title': 'Buy Viper Attack', 'description': '', 'selection_text': 'Select a purchase option', 'save_text': '', 'display_type': 0, 'is_recurring_subscription': 'false', 'subs': [{'packageid': 287179, 'percent_savings_text': ' ', 'percent_savings': 0, 'option_text': 'Viper Attack - $1.99', 'option_description': '', 'can_get_free_license': '0', 'is_free_license': False, 'price_in_cents_with_discount': 199}]}]","{'windows': True, 'mac': False, 'linux': False}",,,"[{'id': 2, 'description': 'Single-player'}, {'id': 25, 'description': 'Steam Leaderboards'}]","[{'id': '1', 'description': 'Action'}, {'id': '4', 'description': 'Casual'}, {'id': '23', 'description': 'Indie'}, {'id': '70', 'description': 'Early Access'}]","[{'id': 0, 'path_thumbnail': 'https://cdn.akamai.steamstatic.com/steam/apps/897970/ss_3b917889495797c74ea95af73562e8630c6d4fc8.600x338.jpg?t=1579882287', 'path_full': 'https://cdn.akamai.steamstatic.com/steam/apps/897970/ss_3b917889495797c74ea95af73562e8630c6d4fc8.1920x1080.jpg?t=1579882287'}, {'id': 1, 'path_thumbnail': 'https://cdn.akamai.steamstatic.com/steam/apps/897970/ss_83ec294abbb8f2f3b703a86729110b3f171e6177.600x338.jpg?t=1579882287', 'path_full': 'https://cdn.akamai.steamstatic.com/steam/apps/897970/ss_83ec294abbb8f2f3b703a86729110b3f171e6177.1920x1080.jpg?t=1579882287'}, {'id': 2, 'path_thumbnail': 'https://cdn.akamai.steamstatic.com/steam/apps/897970/ss_0004f5ec485d9cf72391230b7da5a71ca20ed91f.600x338.jpg?t=1579882287', 'path_full': 'https://cdn.akamai.steamstatic.com/steam/apps/897970/ss_0004f5ec485d9cf72391230b7da5a71ca20ed91f.1920x1080.jpg?t=1579882287'}, {'id': 3, 'path_thumbnail': 'https://cdn.akamai.steamstatic.com/steam/apps/897970/ss_7715e714ab288aebd016545dbd6754c7c80b37f2.600x338.jpg?t=1579882287', 'path_full': 'https://cdn.akamai.steamstatic.com/steam/apps/897970/ss_7715e714ab288aebd016545dbd6754c7c80b37f2.1920x1080.jpg?t=1579882287'}, {'id': 4, 'path_thumbnail': 'https://cdn.akamai.steamstatic.com/steam/apps/897970/ss_85781042d48c4cc3dd05db7a5bcf33783f6c0d7a.600x338.jpg?t=1579882287', 'path_full': 'https://cdn.akamai.steamstatic.com/steam/apps/897970/ss_85781042d48c4cc3dd05db7a5bcf33783f6c0d7a.1920x1080.jpg?t=1579882287'}, {'id': 5, 'path_thumbnail': 'https://cdn.akamai.steamstatic.com/steam/apps/897970/ss_3431c3aaa07ca32657ee6c20b462e6ed33dc9935.600x338.jpg?t=1579882287', 'path_full': 'https://cdn.akamai.steamstatic.com/steam/apps/897970/ss_3431c3aaa07ca32657ee6c20b462e6ed33dc9935.1920x1080.jpg?t=1579882287'}, {'id': 6, 'path_thumbnail': 'https://cdn.akamai.steamstatic.com/steam/apps/897970/ss_8b420c3af3ca69454ff1389632ddbba713089be0.600x338.jpg?t=1579882287', 'path_full': 'https://cdn.akamai.steamstatic.com/steam/apps/897970/ss_8b420c3af3ca69454ff1389632ddbba713089be0.1920x1080.jpg?t=1579882287'}, {'id': 7, 'path_thumbnail': 'https://cdn.akamai.steamstatic.com/steam/apps/897970/ss_136193f460de62e5ebbbc26782fb5145a1911f78.600x338.jpg?t=1579882287', 'path_full': 'https://cdn.akamai.steamstatic.com/steam/apps/897970/ss_136193f460de62e5ebbbc26782fb5145a1911f78.1920x1080.jpg?t=1579882287'}, {'id': 8, 'path_thumbnail': 'https://cdn.akamai.steamstatic.com/steam/apps/897970/ss_6555b2753048ea0e5c0483e38cc6f9d1c1d292c3.600x338.jpg?t=1579882287', 'path_full': 'https://cdn.akamai.steamstatic.com/steam/apps/897970/ss_6555b2753048ea0e5c0483e38cc6f9d1c1d292c3.1920x1080.jpg?t=1579882287'}]","[{'id': 256768915, 'name': 'ViperAtack EA', 'thumbnail': 'https://cdn.akamai.steamstatic.com/steam/apps/256768915/movie.293x165.jpg?t=1575544188', 'webm': {'480': 'http://cdn.akamai.steamstatic.com/steam/apps/256768915/movie480.webm?t=1575544188', 'max': 'http://cdn.akamai.steamstatic.com/steam/apps/256768915/movie_max.webm?t=1575544188'}, 'mp4': {'480': 'http://cdn.akamai.steamstatic.com/steam/apps/256768915/movie480.mp4?t=1575544188', 'max': 'http://cdn.akamai.steamstatic.com/steam/apps/256768915/movie_max.mp4?t=1575544188'}, 'highlight': True}]",,{'total': 0},"{'coming_soon': False, 'date': 'Dec 5, 2019'}","{'url': '', 'email': 'support@gillsoft.de'}",https://cdn.akamai.steamstatic.com/steam/apps/897970/page_bg_generated_v6b.jpg?t=1579882287,"{'ids': [], 'notes': None}"
game,Encore Casino Games Collection,906250,0,False,,,"Live the life of a High Roller in Casino Games Collection. The fun never stops when you choose from over 20 of your favorite casino games, including Blackjack, Craps, Baccarat, Roulette, 11 popular variations of Poker and many more! Capture the thrills of the casino with video casino games, including Poker, Blackjack, Keno and more. Create your own unique character in the Face Creator, and then compete against a variety of unique, funny and charming opponents. Pull up a chair and deal yourself into Casino Games Collection!<h2 class=""bb_tag"">Features: </h2><br><ul class=""bb_ul""><li>Over 20 games to learn, practice and master! <br></li><li>Supports widescreen displays. <br></li><li>Put yourself in the game or create silly faces with the new and improved Face Creator. <br></li><li>Play against a cast of funny and charming opponents! <br></li><li>Select from a variety of rules variations, speed of play and more!</li></ul><h2 class=""bb_tag"">Play All Your Favorites Including: </h2>  <br><br><ul class=""bb_ul""><li>3 Card Poker<br></li><li>5 Card Draw <br></li><li>5 Card Lowball<br></li><li>7 Card Stud<br></li><li>7 Card Stud Hi-Lo <br></li><li>Baccarat <br></li><li>Baseball Poker <br></li><li>Big Six Wheel <br></li><li>Bingo <br></li><li>Blackjack <br></li><li>Craps <br></li><li>Midnight Baseball Poker <br></li><li>Omaha Hold 'Em <br></li><li>Omaha Hold 'Em Hi-Lo <br></li><li>Pai Gow Poker <br></li><li>Roulette <br></li><li>Texas Hold 'Em <br></li><li>Video Blackjack <br></li><li>Video Keno <br></li><li>Video Poker (Single-Hand) <br></li><li>Video Poker (Multi-Hand) <br></li><li>Video Texas Hold 'Em </li></ul>","Live the life of a High Roller in Casino Games Collection. The fun never stops when you choose from over 20 of your favorite casino games, including Blackjack, Craps, Baccarat, Roulette, 11 popular variations of Poker and many more! Capture the thrills of the casino with video casino games, including Poker, Blackjack, Keno and more. Create your own unique character in the Face Creator, and then compete against a variety of unique, funny and charming opponents. Pull up a chair and deal yourself into Casino Games Collection!<h2 class=""bb_tag"">Features: </h2><br><ul class=""bb_ul""><li>Over 20 games to learn, practice and master! <br></li><li>Supports widescreen displays. <br></li><li>Put yourself in the game or create silly faces with the new and improved Face Creator. <br></li><li>Play against a cast of funny and charming opponents! <br></li><li>Select from a variety of rules variations, speed of play and more!</li></ul><h2 class=""bb_tag"">Play All Your Favorites Including: </h2>  <br><br><ul class=""bb_ul""><li>3 Card Poker<br></li><li>5 Card Draw <br></li><li>5 Card Lowball<br></li><li>7 Card Stud<br></li><li>7 Card Stud Hi-Lo <br></li><li>Baccarat <br></li><li>Baseball Poker <br></li><li>Big Six Wheel <br></li><li>Bingo <br></li><li>Blackjack <br></li><li>Craps <br></li><li>Midnight Baseball Poker <br></li><li>Omaha Hold 'Em <br></li><li>Omaha Hold 'Em Hi-Lo <br></li><li>Pai Gow Poker <br></li><li>Roulette <br></li><li>Texas Hold 'Em <br></li><li>Video Blackjack <br></li><li>Video Keno <br></li><li>Video Poker (Single-Hand) <br></li><li>Video Poker (Multi-Hand) <br></li><li>Video Texas Hold 'Em </li></ul>",The fun never stops when you choose from over 20 casino games! Pull up a chair and deal yourself into Casino Games Collection!,,English<strong>*</strong><br><strong>*</strong>languages with full audio support,https://cdn.akamai.steamstatic.com/steam/apps/906250/header.jpg?t=1580363286,,"{'minimum': '<strong>Minimum:</strong><br><ul class=""bb_ul""><li><strong>OS:</strong> Windows® 7, Windows® 8, and Windows® 10<br></li><li><strong>Processor:</strong> Intel® or compatible 1.0 GHz processor or higher (multi-core processor supported)<br></li><li><strong>Memory:</strong> 1 GB RAM<br></li><li><strong>Graphics:</strong> DirectX® compatible video card<br></li><li><strong>DirectX:</strong> Version 9.0c<br></li><li><strong>Storage:</strong> 1 GB available space<br></li><li><strong>Sound Card:</strong> DirectX® compatible sound card</li></ul>'}","{'minimum': '<strong>Minimum:</strong><br><ul class=""bb_ul""><li><strong>OS:</strong> Macintosh® OS 10.8-10.13<br></li><li><strong>Processor:</strong> Intel®  Core™ Solo processor or better<br></li><li><strong>Memory:</strong> 1 GB RAM<br></li><li><strong>Storage:</strong> 1 GB available space</li></ul>'}",[],,,,['Webfoot'],['Encore Software LLC'],,"{'currency': 'USD', 'initial': 1999, 'final': 1999, 'discount_percent': 0, 'initial_formatted': '', 'final_formatted': '$19.99'}",[290128],"[{'name': 'default', 'title': 'Buy Encore Casino Games Collection', 'description': '', 'selection_text': 'Select a purchase option', 'save_text': '', 'display_type': 0, 'is_recurring_subscription': 'false', 'subs': [{'packageid': 290128, 'percent_savings_text': ' ', 'percent_savings': 0, 'option_text': 'Encore Casino Games - $19.99', 'option_description': '', 'can_get_free_license': '0', 'is_free_license': False, 'price_in_cents_with_discount': 1999}]}]","{'windows': True, 'mac': True, 'linux': False}",,,"[{'id': 2, 'description': 'Single-player'}]","[{'id': '4', 'description': 'Casual'}]","[{'id': 0, 'path_thumbnail': 'https://cdn.akamai.steamstatic.com/steam/apps/906250/ss_efb25bb3ff7068524b11a150b2df41f0e5615fdf.600x338.jpg?t=1580363286', 'path_full': 'https://cdn.akamai.steamstatic.com/steam/apps/906250/ss_efb25bb3ff7068524b11a150b2df41f0e5615fdf.1920x1080.jpg?t=1580363286'}, {'id': 1, 'path_thumbnail': 'https://cdn.akamai.steamstatic.com/steam/apps/906250/ss_122b4d7f6de1d59ad1a7f8118c2c462eabbc5964.600x338.jpg?t=1580363286', 'path_full': 'https://cdn.akamai.steamstatic.com/steam/apps/906250/ss_122b4d7f6de1d59ad1a7f8118c2c462eabbc5964.1920x1080.jpg?t=1580363286'}, {'id': 2, 'path_thumbnail': 'https://cdn.akamai.steamstatic.com/steam/apps/906250/ss_e082d26bb520dbe054523f158e121533046321df.600x338.jpg?t=1580363286', 'path_full': 'https://cdn.akamai.steamstatic.com/steam/apps/906250/ss_e082d26bb520dbe054523f158e121533046321df.1920x1080.jpg?t=1580363286'}, {'id': 3, 'path_thumbnail': 'https://cdn.akamai.steamstatic.com/steam/apps/906250/ss_bdcdcfdb0b2bc3e3ff8c0a68d3a01d02b6a3a12f.600x338.jpg?t=1580363286', 'path_full': 'https://cdn.akamai.steamstatic.com/steam/apps/906250/ss_bdcdcfdb0b2bc3e3ff8c0a68d3a01d02b6a3a12f.1920x1080.jpg?t=1580363286'}, {'id': 4, 'path_thumbnail': 'https://cdn.akamai.steamstatic.com/steam/apps/906250/ss_57deab094583ea1c2df724bb50256a62e9741b33.600x338.jpg?t=1580363286', 'path_full': 'https://cdn.akamai.steamstatic.com/steam/apps/906250/ss_57deab094583ea1c2df724bb50256a62e9741b33.1920x1080.jpg?t=1580363286'}, {'id': 5, 'path_thumbnail': 'https://cdn.akamai.steamstatic.com/steam/apps/906250/ss_24ae68c574e2d86391d055f839171c0c436be13e.600x338.jpg?t=1580363286', 'path_full': 'https://cdn.akamai.steamstatic.com/steam/apps/906250/ss_24ae68c574e2d86391d055f839171c0c436be13e.1920x1080.jpg?t=1580363286'}, {'id': 6, 'path_thumbnail': 'https://cdn.akamai.steamstatic.com/steam/apps/906250/ss_02bd3add1a43860fae891ff80e6421ed6b3944f8.600x338.jpg?t=1580363286', 'path_full': 'https://cdn.akamai.steamstatic.com/steam/apps/906250/ss_02bd3add1a43860fae891ff80e6421ed6b3944f8.1920x1080.jpg?t=1580363286'}, {'id': 7, 'path_thumbnail': 'https://cdn.akamai.steamstatic.com/steam/apps/906250/ss_210b313104e630a2f077c1e037c5adeafeb1442f.600x338.jpg?t=1580363286', 'path_full': 'https://cdn.akamai.steamstatic.com/steam/apps/906250/ss_210b313104e630a2f077c1e037c5adeafeb1442f.1920x1080.jpg?t=1580363286'}, {'id': 8, 'path_thumbnail': 'https://cdn.akamai.steamstatic.com/steam/apps/906250/ss_81112a572c533f1572ad227800cff7a8c4ae96d2.600x338.jpg?t=1580363286', 'path_full': 'https://cdn.akamai.steamstatic.com/steam/apps/906250/ss_81112a572c533f1572ad227800cff7a8c4ae96d2.1920x1080.jpg?t=1580363286'}]","[{'id': 256770690, 'name': 'Encore Casino Games Collection', 'thumbnail': 'https://cdn.akamai.steamstatic.com/steam/apps/256770690/movie.293x165.jpg?t=1577427110', 'webm': {'480': 'http://cdn.akamai.steamstatic.com/steam/apps/256770690/movie480.webm?t=1577427110', 'max': 'http://cdn.akamai.steamstatic.com/steam/apps/256770690/movie_max.webm?t=1577427110'}, 'mp4': {'480': 'http://cdn.akamai.steamstatic.com/steam/apps/256770690/movie480.mp4?t=1577427110', 'max': 'http://cdn.akamai.steamstatic.com/steam/apps/256770690/movie_max.mp4?t=1577427110'}, 'highlight': True}]",,,"{'coming_soon': False, 'date': 'Dec 29, 2019'}","{'url': 'http://support.encore.com/', 'email': 'support@encore.com'}",https://cdn.akamai.steamstatic.com/steam/apps/906250/page_bg_generated_v6b.jpg?t=1580363286,"{'ids': [], 'notes': None}"
game,BATTLE X Arcade,958900,0,False,,,"<strong><h2 class=""bb_tag"">BATTLE X Arcade By Naviworks </h2></strong><br><ul class=""bb_ul""><li> BATTLE X Arcade is an arcade version of BATTLE X, which is specifically developed for LBE(Location Based Entertainment) venues</li></ul><img src=""https://cdn.akamai.steamstatic.com/steam/apps/958900/extras/BattleX_Tutorial.jpg?t=1576140701"" /><br><ul class=""bb_ul""><li> Military VR FPS (First-Person-Shooter) with realistic combat fighting against secret corporation, MODERN</li></ul><ul class=""bb_ul""><li> Single, co-op and multi play upto 3 on 3</li></ul><img src=""https://cdn.akamai.steamstatic.com/steam/apps/958900/extras/BattleX_Single_Multi.jpg?t=1576140701"" /><br><ul class=""bb_ul""><li> Compatible with HTC VIVE and OCULUS RIFT</li></ul><ul class=""bb_ul""><li> Join the unrivaled reality and military engagement</li></ul><img src=""https://cdn.akamai.steamstatic.com/steam/apps/958900/extras/BattleX_HITVR.jpg?t=1576140701"" /><br><ul class=""bb_ul""><li> More contents will be coming</li></ul><img src=""https://cdn.akamai.steamstatic.com/steam/apps/958900/extras/BattleX_insomnia.jpg?t=1576140701"" />","<strong><h2 class=""bb_tag"">BATTLE X Arcade By Naviworks </h2></strong><br><ul class=""bb_ul""><li> BATTLE X Arcade is an arcade version of BATTLE X, which is specifically developed for LBE(Location Based Entertainment) venues</li></ul><img src=""https://cdn.akamai.steamstatic.com/steam/apps/958900/extras/BattleX_Tutorial.jpg?t=1576140701"" /><br><ul class=""bb_ul""><li> Military VR FPS (First-Person-Shooter) with realistic combat fighting against secret corporation, MODERN</li></ul><ul class=""bb_ul""><li> Single, co-op and multi play upto 3 on 3</li></ul><img src=""https://cdn.akamai.steamstatic.com/steam/apps/958900/extras/BattleX_Single_Multi.jpg?t=1576140701"" /><br><ul class=""bb_ul""><li> Compatible with HTC VIVE and OCULUS RIFT</li></ul><ul class=""bb_ul""><li> Join the unrivaled reality and military engagement</li></ul><img src=""https://cdn.akamai.steamstatic.com/steam/apps/958900/extras/BattleX_HITVR.jpg?t=1576140701"" /><br><ul class=""bb_ul""><li> More contents will be coming</li></ul><img src=""https://cdn.akamai.steamstatic.com/steam/apps/958900/extras/BattleX_insomnia.jpg?t=1576140701"" />","BATTLE X Arcade is an arcade version of BATTLE X, which is specifically developed for LBE(Location Based Entertainment) venues",,"English<strong>*</strong>, Simplified Chinese<strong>*</strong>, Korean<br><strong>*</strong>languages with full audio support",https://cdn.akamai.steamstatic.com/steam/apps/958900/header.jpg?t=1576140701,https://www.battlexnow.com/,"{'minimum': '<strong>Minimum:</strong><br><ul class=""bb_ul""><li>Requires a 64-bit processor and operating system<br></li><li><strong>OS:</strong> Windows 7 64bit<br></li><li><strong>Processor:</strong> intel Core i5<br></li><li><strong>Memory:</strong> 8 GB RAM<br></li><li><strong>Graphics:</strong> Geforce GTX 970<br></li><li><strong>DirectX:</strong> Version 11<br></li><li><strong>Network:</strong> Broadband Internet connection<br></li><li><strong>Storage:</strong> 4 GB available space<br></li><li><strong>Sound Card:</strong> -<br></li><li><strong>VR Support:</strong> SteamVR<br></li><li><strong>Additional Notes:</strong> -</li></ul>', 'recommended': '<strong>Recommended:</strong><br><ul class=""bb_ul""><li>Requires a 64-bit processor and operating system<br></li><li><strong>OS:</strong> Windows 7/8/10 64bit<br></li><li><strong>Processor:</strong> intel Core i7<br></li><li><strong>Memory:</strong> 16 GB RAM<br></li><li><strong>Graphics:</strong> Geforce GTX 1070<br></li><li><strong>DirectX:</strong> Version 11<br></li><li><strong>Network:</strong> Broadband Internet connection<br></li><li><strong>Storage:</strong> 4 GB available space<br></li><li><strong>Sound Card:</strong> -<br></li><li><strong>Additional Notes:</strong> -</li></ul>'}","{'minimum': '<strong>Minimum:</strong><br><ul class=""bb_ul""><li>Requires a 64-bit processor and operating system</li></ul>', 'recommended': '<strong>Recommended:</strong><br><ul class=""bb_ul""><li>Requires a 64-bit processor and operating system</li></ul>'}","{'minimum': '<strong>Minimum:</strong><br><ul class=""bb_ul""><li>Requires a 64-bit processor and operating system</li></ul>', 'recommended': '<strong>Recommended:</strong><br><ul class=""bb_ul""><li>Requires a 64-bit processor and operating system</li></ul>'}","Copyright © 2018 Naviworks Co.,Ltd. All rights reserved.<br />
<br />
Licensor hereby grants you a right for your personal and non-commercial use for gameplay. The Software is licensed, not sold, to you, and you hereby acknowledge that no title or ownership in the Software is being transferred or assigned and this should not be construed as a sale of any rights in the Software. Licensor retains all right, title, and interest to the Software, including, but not limited to, all copyrights, trademarks, trade secrets, trade names, proprietary rights, patents, titles, computer codes, audiovisual effects, themes, characters, character names, stories, dialog, settings, artwork, sounds effects, musical works, and moral rights. The Software may not be copied, reproduced, or distributed in any manner or medium, in whole or in part, without prior written consent from Licensor.",,,"['Naviworks Co.,Ltd.']","['Naviworks Co.,Ltd.']",,"{'currency': 'USD', 'initial': 2500, 'final': 2500, 'discount_percent': 0, 'initial_formatted': '', 'final_formatted': '$25.00', 'recurring_sub': 328543, 'recurring_sub_desc': '$19.99 at checkout, auto-renewed every 1 month(s) at $19.99.'}","[328544, 313462]","[{'name': 'default', 'title': 'Buy BATTLE X Arcade', 'description': '', 'selection_text': 'Select a purchase option', 'save_text': '', 'display_type': 0, 'is_recurring_subscription': 'false', 'subs': [{'packageid': 313462, 'percent_savings_text': ' ', 'percent_savings': 0, 'option_text': 'BATTLE X Arcade - $25.00', 'option_description': '', 'can_get_free_license': '0', 'is_free_license': False, 'price_in_cents_with_discount': 2500}]}, {'name': 'subscriptions', 'title': 'Buy BATTLE X Arcade Subscription Plan', 'description': 'To be billed on a recurring basis.', 'selection_text': 'Starting at $19.99 / month', 'save_text': '', 'display_type': 0, 'is_recurring_subscription': 'true', 'subs': [{'packageid': 328544, 'percent_savings_text': ' ', 'percent_savings': 0, 'option_text': '$19.99 / month', 'option_description': '<p class=""game_purchase_subscription"">$19.99 at checkout, auto-renewed every 1 month(s) at $19.99.</p>', 'can_get_free_license': '0', 'is_free_license': False, 'price_in_cents_with_discount': 1999}]}]","{'windows': True, 'mac': False, 'linux': False}",,,"[{'id': 2, 'description': 'Single-player'}, {'id': 1, 'description': 'Multi-player'}, {'id': 49, 'description': 'PvP'}, {'id': 36, 'description': 'Online PvP'}, {'id': 37, 'description': 'Shared/Split Screen PvP'}, {'id': 9, 'description': 'Co-op'}, {'id': 38, 'description': 'Online Co-op'}, {'id': 39, 'description': 'Shared/Split Screen Co-op'}, {'id': 52, 'description': 'Tracked Controller Support'}, {'id': 54, 'description': 'VR Only'}, {'id': 18, 'description': 'Partial Controller Support'}, {'id': 44, 'description': 'Remote Play Together'}]","[{'id': '1', 'description': 'Action'}]","[{'id': 0, 'path_thumbnail': 'https://cdn.akamai.steamstatic.com/steam/apps/958900/ss_d6f6c401e31bcf8580f9b024bfd21d6cbee5c2e2.600x338.jpg?t=1576140701', 'path_full': 'https://cdn.akamai.steamstatic.com/steam/apps/958900/ss_d6f6c401e31bcf8580f9b024bfd21d6cbee5c2e2.1920x1080.jpg?t=1576140701'}, {'id': 1, 'path_thumbnail': 'https://cdn.akamai.steamstatic.com/steam/apps/958900/ss_ba819140799129d3cd3307ad23db51f2d484d47c.600x338.jpg?t=1576140701', 'path_full': 'https://cdn.akamai.steamstatic.com/steam/apps/958900/ss_ba819140799129d3cd3307ad23db51f2d484d47c.1920x1080.jpg?t=1576140701'}, {'id': 2, 'path_thumbnail': 'https://cdn.akamai.steamstatic.com/steam/apps/958900/ss_6eb50f3b03c59fece706b9e2a06c5d58d6d72270.600x338.jpg?t=1576140701', 'path_full': 'https://cdn.akamai.steamstatic.com/steam/apps/958900/ss_6eb50f3b03c59fece706b9e2a06c5d58d6d72270.1920x1080.jpg?t=1576140701'}, {'id': 3, 'path_thumbnail': 'https://cdn.akamai.steamstatic.com/steam/apps/958900/ss_3d2e190c6bd8837e54db62c01c68017f6f6c0ccf.600x338.jpg?t=1576140701', 'path_full': 'https://cdn.akamai.steamstatic.com/steam/apps/958900/ss_3d2e190c6bd8837e54db62c01c68017f6f6c0ccf.1920x1080.jpg?t=1576140701'}, {'id': 4, 'path_thumbnail': 'https://cdn.akamai.steamstatic.com/steam/apps/958900/ss_376e03ffe8edab5dc2b4843e0e8ade0656022754.600x338.jpg?t=1576140701', 'path_full': 'https://cdn.akamai.steamstatic.com/steam/apps/958900/ss_376e03ffe8edab5dc2b4843e0e8ade0656022754.1920x1080.jpg?t=1576140701'}, {'id': 5, 'path_thumbnail': 'https://cdn.akamai.steamstatic.com/steam/apps/958900/ss_b1bb653828b14c51bf581e657147fd2e3625b091.600x338.jpg?t=1576140701', 'path_full': 'https://cdn.akamai.steamstatic.com/steam/apps/958900/ss_b1bb653828b14c51bf581e657147fd2e3625b091.1920x1080.jpg?t=1576140701'}, {'id': 6, 'path_thumbnail': 'https://cdn.akamai.steamstatic.com/steam/apps/958900/ss_71adf74ade07802255757aa61430bb429d2b56b4.600x338.jpg?t=1576140701', 'path_full': 'https://cdn.akamai.steamstatic.com/steam/apps/958900/ss_71adf74ade07802255757aa61430bb429d2b56b4.1920x1080.jpg?t=1576140701'}, {'id': 7, 'path_thumbnail': 'https://cdn.akamai.steamstatic.com/steam/apps/958900/ss_3d6181e177669953f3fb0272ef73dbf8672e3456.600x338.jpg?t=1576140701', 'path_full': 'https://cdn.akamai.steamstatic.com/steam/apps/958900/ss_3d6181e177669953f3fb0272ef73dbf8672e3456.1920x1080.jpg?t=1576140701'}, {'id': 8, 'path_thumbnail': 'https://cdn.akamai.steamstatic.com/steam/apps/958900/ss_e26b6cf5ae190691894f96c3a998472b0436b5ca.600x338.jpg?t=1576140701', 'path_full': 'https://cdn.akamai.steamstatic.com/steam/apps/958900/ss_e26b6cf5ae190691894f96c3a998472b0436b5ca.1920x1080.jpg?t=1576140701'}]","[{'id': 256731481, 'name': 'BATTLE X Arcade Trailer', 'thumbnail': 'https://cdn.akamai.steamstatic.com/steam/apps/256731481/movie.293x165.jpg?t=1539219653', 'webm': {'480': 'http://cdn.akamai.steamstatic.com/steam/apps/256731481/movie480.webm?t=1539219653', 'max': 'http://cdn.akamai.steamstatic.com/steam/apps/256731481/movie_max.webm?t=1539219653'}, 'mp4': {'480': 'http://cdn.akamai.steamstatic.com/steam/apps/256731481/movie480.mp4?t=1539219653', 'max': 'http://cdn.akamai.steamstatic.com/steam/apps/256731481/movie_max.mp4?t=1539219653'}, 'highlight': True}, {'id': 256731484, 'name': 'BATTLE X Arcade Tutorial', 'thumbnail': 'https://cdn.akamai.steamstatic.com/steam/apps/256731484/movie.293x165.jpg?t=1539219660', 'webm': {'480': 'http://cdn.akamai.steamstatic.com/steam/apps/256731484/movie480.webm?t=1539219660', 'max': 'http://cdn.akamai.steamstatic.com/steam/apps/256731484/movie_max.webm?t=1539219660'}, 'mp4': {'480': 'http://cdn.akamai.steamstatic.com/steam/apps/256731484/movie480.mp4?t=1539219660', 'max': 'http://cdn.akamai.steamstatic.com/steam/apps/256731484/movie_max.mp4?t=1539219660'}, 'highlight': True}, {'id': 256731487, 'name': 'BATTLE X Arcade at Insomnia63 in the UK', 'thumbnail': 'https://cdn.akamai.steamstatic.com/steam/apps/256731487/movie.293x165.jpg?t=1539219667', 'webm': {'480': 'http://cdn.akamai.steamstatic.com/steam/apps/256731487/movie480.webm?t=1539219667', 'max': 'http://cdn.akamai.steamstatic.com/steam/apps/256731487/movie_max.webm?t=1539219667'}, 'mp4': {'480': 'http://cdn.akamai.steamstatic.com/steam/apps/256731487/movie480.mp4?t=1539219667', 'max': 'http://cdn.akamai.steamstatic.com/steam/apps/256731487/movie_max.mp4?t=1539219667'}, 'highlight': True}, {'id': 256734735, 'name': 'BATTLE X Arcade', 'thumbnail': 'https://cdn.akamai.steamstatic.com/steam/apps/256734735/movie.293x165.jpg?t=1541577391', 'webm': {'480': 'http://cdn.akamai.steamstatic.com/steam/apps/256734735/movie480.webm?t=1541577391', 'max': 'http://cdn.akamai.steamstatic.com/steam/apps/256734735/movie_max.webm?t=1541577391'}, 'mp4': {'480': 'http://cdn.akamai.steamstatic.com/steam/apps/256734735/movie480.mp4?t=1541577391', 'max': 'http://cdn.akamai.steamstatic.com/steam/apps/256734735/movie_max.mp4?t=1541577391'}, 'highlight': True}]",,,"{'coming_soon': False, 'date': 'Oct 25, 2018'}","{'url': 'https://www.battlexnow.com/', 'email': 'nwcskr@naviworks.com'}",https://cdn.akamai.steamstatic.com/steam/apps/958900/page_bg_generated_v6b.jpg?t=1576140701,"{'ids': [], 'notes': None}"
game,Toy Road Constructor,963050,0,False,,,"<img src=""https://cdn.akamai.steamstatic.com/steam/apps/963050/extras/promo_600х295.png?t=1643381258"" /><br><br>A big room, lots of scrap materials available, toy cars and much spare time. Guess what we are going to do now? Yes, we are going to build the very cool roads with blocks, ruler bridges, and rubber trampolines. And of course, we'll launch our toy cars to check road reliability. This brings back memories of childhood, isn't it?<br><br><img src=""https://cdn.akamai.steamstatic.com/steam/apps/963050/extras/promo_600х295-1.png?t=1643381258"" /><h2 class=""bb_tag"">Road builders, let's go!</h2><br><ul class=""bb_ul""><li>Use available scrap materials;<br></li><li>Connect them to make a road;<br></li><li>Make sure that all elements work properly;<br></li><li>Launch a car and watch it drives!</li></ul><br>Remember that you have only several attempts and a certain amount of building points to place all elements of your road correctly. Give careful thought to each your step to win the level and to become a true road builder! Who cares that these roads are toy.<br><br><img src=""https://cdn.akamai.steamstatic.com/steam/apps/963050/extras/promo_600х340.png?t=1643381258"" /><h2 class=""bb_tag"">Are you ready to...?</h2><br><ul class=""bb_ul""><li>Remember one of the best activities of your childhood;<br></li><li>Play with a variety of toy cars models;<br></li><li>Build incredible roads from scrap materials;<br></li><li>Feel the true surge of adrenaline from this ordinary child's game.</li></ul><br>Then enter the room and let's play!","<img src=""https://cdn.akamai.steamstatic.com/steam/apps/963050/extras/promo_600х295.png?t=1643381258"" /><br><br>A big room, lots of scrap materials available, toy cars and much spare time. Guess what we are going to do now? Yes, we are going to build the very cool roads with blocks, ruler bridges, and rubber trampolines. And of course, we'll launch our toy cars to check road reliability. This brings back memories of childhood, isn't it?<br><br><img src=""https://cdn.akamai.steamstatic.com/steam/apps/963050/extras/promo_600х295-1.png?t=1643381258"" /><h2 class=""bb_tag"">Road builders, let's go!</h2><br><ul class=""bb_ul""><li>Use available scrap materials;<br></li><li>Connect them to make a road;<br></li><li>Make sure that all elements work properly;<br></li><li>Launch a car and watch it drives!</li></ul><br>Remember that you have only several attempts and a certain amount of building points to place all elements of your road correctly. Give careful thought to each your step to win the level and to become a true road builder! Who cares that these roads are toy.<br><br><img src=""https://cdn.akamai.steamstatic.com/steam/apps/963050/extras/promo_600х340.png?t=1643381258"" /><h2 class=""bb_tag"">Are you ready to...?</h2><br><ul class=""bb_ul""><li>Remember one of the best activities of your childhood;<br></li><li>Play with a variety of toy cars models;<br></li><li>Build incredible roads from scrap materials;<br></li><li>Feel the true surge of adrenaline from this ordinary child's game.</li></ul><br>Then enter the room and let's play!","Welcome to...the childhood of any kid, who's fond of toy cars! Remember the long-forgotten skills of road building with scrap materials. Blocks, rulers, cards, everything is good. What are we waiting for? Let's create a toy road!",,"English, German, Simplified Chinese, Russian",https://cdn.akamai.steamstatic.com/steam/apps/963050/header.jpg?t=1643381258,https://art-of-adventures.com,"{'minimum': '<strong>Minimum:</strong><br><ul class=""bb_ul""><li><strong>OS:</strong> Windows 7 and newer<br></li><li><strong>Processor:</strong> 2GHz Dual-core CPU<br></li><li><strong>Memory:</strong> 1 GB RAM<br></li><li><strong>Graphics:</strong> 1GB DirectX 9.0c compatible<br></li><li><strong>DirectX:</strong> Version 9.0<br></li><li><strong>Storage:</strong> 500 MB available space</li></ul>'}","{'minimum': '<strong>Minimum:</strong><br><ul class=""bb_ul""><li><strong>OS:</strong> Mac OS X 10.7<br></li><li><strong>Processor:</strong> 2.5 GHz Intel® Core™2 Duo or better<br></li><li><strong>Memory:</strong> 1 GB RAM<br></li><li><strong>Graphics:</strong> 512 MB<br></li><li><strong>Storage:</strong> 500 MB available space</li></ul>'}",[],,,,['Art Of Adventures'],['Art Of Adventures'],,,,[],"{'windows': True, 'mac': True, 'linux': False}",,,"[{'id': 2, 'description': 'Single-player'}, {'id': 22, 'description': 'Steam Achievements'}]","[{'id': '23', 'description': 'Indie'}, {'id': '28', 'description': 'Simulation'}]","[{'id': 0, 'path_thumbnail': 'https://cdn.akamai.steamstatic.com/steam/apps/963050/ss_e2c527acdbbc3afbc4c6808a08b9b282317aab06.600x338.jpg?t=1643381258', 'path_full': 'https://cdn.akamai.steamstatic.com/steam/apps/963050/ss_e2c527acdbbc3afbc4c6808a08b9b282317aab06.1920x1080.jpg?t=1643381258'}, {'id': 1, 'path_thumbnail': 'https://cdn.akamai.steamstatic.com/steam/apps/963050/ss_60eb25bae6f8378534818bccfd178782b04b4df6.600x338.jpg?t=1643381258', 'path_full': 'https://cdn.akamai.steamstatic.com/steam/apps/963050/ss_60eb25bae6f8378534818bccfd178782b04b4df6.1920x1080.jpg?t=1643381258'}, {'id': 2, 'path_thumbnail': 'https://cdn.akamai.steamstatic.com/steam/apps/963050/ss_3ce3e246ec071ab5eb579c1f15fef6cf48530a33.600x338.jpg?t=1643381258', 'path_full': 'https://cdn.akamai.steamstatic.com/steam/apps/963050/ss_3ce3e246ec071ab5eb579c1f15fef6cf48530a33.1920x1080.jpg?t=1643381258'}, {'id': 3, 'path_thumbnail': 'https://cdn.akamai.steamstatic.com/steam/apps/963050/ss_1fe4a6c10028eed8cb7c2d81d58561e535bee619.600x338.jpg?t=1643381258', 'path_full': 'https://cdn.akamai.steamstatic.com/steam/apps/963050/ss_1fe4a6c10028eed8cb7c2d81d58561e535bee619.1920x1080.jpg?t=1643381258'}, {'id': 4, 'path_thumbnail': 'https://cdn.akamai.steamstatic.com/steam/apps/963050/ss_c394fabd4725b81588d0a6206cb6393e151daa91.600x338.jpg?t=1643381258', 'path_full': 'https://cdn.akamai.steamstatic.com/steam/apps/963050/ss_c394fabd4725b81588d0a6206cb6393e151daa91.1920x1080.jpg?t=1643381258'}]","[{'id': 256733716, 'name': 'Trailer 1', 'thumbnail': 'https://cdn.akamai.steamstatic.com/steam/apps/256733716/movie.293x165.jpg?t=1561348019', 'webm': {'480': 'http://cdn.akamai.steamstatic.com/steam/apps/256733716/movie480.webm?t=1561348019', 'max': 'http://cdn.akamai.steamstatic.com/steam/apps/256733716/movie_max.webm?t=1561348019'}, 'mp4': {'480': 'http://cdn.akamai.steamstatic.com/steam/apps/256733716/movie480.mp4?t=1561348019', 'max': 'http://cdn.akamai.steamstatic.com/steam/apps/256733716/movie_max.mp4?t=1561348019'}, 'highlight': True}]",,"{'total': 11, 'highlighted': [{'name': 'Driving School', 'path': 'https://cdn.akamai.steamstatic.com/steamcommunity/public/images/apps/963050/304712251ff454b35acd2356f178508aab4802a1.jpg'}, {'name': 'Sandbox', 'path': 'https://cdn.akamai.steamstatic.com/steamcommunity/public/images/apps/963050/265c162050d0adfa4cc87ad8ac6d3c7f2c85c7b4.jpg'}, {'name': 'The first race', 'path': 'https://cdn.akamai.steamstatic.com/steamcommunity/public/images/apps/963050/87af197642191ffbc8b5b388fa63db2ad2df6f83.jpg'}, {'name': 'We need a bigger garage', 'path': 'https://cdn.akamai.steamstatic.com/steamcommunity/public/images/apps/963050/6ac41fa6eb74e5c36a319f0a1f4c8d210c448a42.jpg'}, {'name': 'The highest level', 'path': 'https://cdn.akamai.steamstatic.com/steamcommunity/public/images/apps/963050/31576eef034dd4be020995927db68a5692e440e7.jpg'}, {'name': 'Scrap Metal', 'path': 'https://cdn.akamai.steamstatic.com/steamcommunity/public/images/apps/963050/ea7d5df62726f87b543b61ad84bd074a2beb4b17.jpg'}, {'name': ""Mother's little engineer"", 'path': 'https://cdn.akamai.steamstatic.com/steamcommunity/public/images/apps/963050/d6130c1119840f735c70c835d298301698e8c0ea.jpg'}, {'name': 'Mr. Ford', 'path': 'https://cdn.akamai.steamstatic.com/steamcommunity/public/images/apps/963050/cc9c9d2d0a761a4d2f94f4dbc074e643b97791e6.jpg'}, {'name': 'Toy village', 'path': 'https://cdn.akamai.steamstatic.com/steamcommunity/public/images/apps/963050/f62c1437c72d765a18f8b6dd49b80a36842a1cd8.jpg'}, {'name': 'Small town', 'path': 'https://cdn.akamai.steamstatic.com/steamcommunity/public/images/apps/963050/a6caa9e5de2b0b0c456f3a17767bf47fdb88ddbf.jpg'}]}","{'coming_soon': False, 'date': 'Nov 23, 2018'}","{'url': 'https://art-of-adventures.com', 'email': 'support@art-of-adventures.com'}",https://cdn.akamai.steamstatic.com/steam/apps/963050/page_bg_generated_v6b.jpg?t=1643381258,"{'ids': [], 'notes': None}"
game,Winter Sports Games,998530,0,False,full,,"<img src=""https://cdn.akamai.steamstatic.com/steam/apps/998530/extras/WinterSG_PSX_EUR_HD_web_v26.gif?t=1577182124"" /><br><br>Hit the snow! <br><br>Whether you enjoy skiing, the thrill of barrelling down an ice track in a bobsleigh or sled, or calmly sliding the stones across the ice in curling – you can have it all here.<br><br>Win tournaments and master challenges in six tense disciplines. Play by yourself or with up to four players at your home – no runny nose after every competition!<br><br>Features<br>- 6 tense disciplines:<br>- Ski jumping<br>- Slalom skiing<br>- Downhill skiing<br>- Bobsledding<br>- Sledding<br>- Curling<br>- Local multiplayer for 2 to 4 players<br>- Modern graphics and classic controls<br><br><img src=""https://cdn.akamai.steamstatic.com/steam/apps/998530/extras/WinterSG_PSX_EUR_HD_web2_v1.gif?t=1577182124"" />","<img src=""https://cdn.akamai.steamstatic.com/steam/apps/998530/extras/WinterSG_PSX_EUR_HD_web_v26.gif?t=1577182124"" /><br><br>Hit the snow! <br><br>Whether you enjoy skiing, the thrill of barrelling down an ice track in a bobsleigh or sled, or calmly sliding the stones across the ice in curling – you can have it all here.<br><br>Win tournaments and master challenges in six tense disciplines. Play by yourself or with up to four players at your home – no runny nose after every competition!<br><br>Features<br>- 6 tense disciplines:<br>- Ski jumping<br>- Slalom skiing<br>- Downhill skiing<br>- Bobsledding<br>- Sledding<br>- Curling<br>- Local multiplayer for 2 to 4 players<br>- Modern graphics and classic controls<br><br><img src=""https://cdn.akamai.steamstatic.com/steam/apps/998530/extras/WinterSG_PSX_EUR_HD_web2_v1.gif?t=1577182124"" />","Six winter disciplines for 1 to 4 players! Ski jumping, slalom, downhill, bobsledding, sledding and curling! Huge fun for the whole family!",,"English, French, Italian, German, Spanish - Spain",https://cdn.akamai.steamstatic.com/steam/apps/998530/header.jpg?t=1577182124,,"{'minimum': '<strong>Minimum:</strong><br><ul class=""bb_ul""><li>Requires a 64-bit processor and operating system<br></li><li><strong>OS:</strong> Windows 7, Windows 8, Windows 10<br></li><li><strong>Processor:</strong> Intel Core i5 2.4Ghz<br></li><li><strong>Graphics:</strong> Geforce 650 or higher or equivalent other graphic card</li></ul>', 'recommended': '<strong>Recommended:</strong><br><ul class=""bb_ul""><li>Requires a 64-bit processor and operating system</li></ul>'}","{'minimum': '<strong>Minimum:</strong><br><ul class=""bb_ul""><li>Requires a 64-bit processor and operating system</li></ul>', 'recommended': '<strong>Recommended:</strong><br><ul class=""bb_ul""><li>Requires a 64-bit processor and operating system</li></ul>'}","{'minimum': '<strong>Minimum:</strong><br><ul class=""bb_ul""><li>Requires a 64-bit processor and operating system</li></ul>', 'recommended': '<strong>Recommended:</strong><br><ul class=""bb_ul""><li>Requires a 64-bit processor and operating system</li></ul>'}","© 2019 Joindots GmbH, Germany",,,['Joindots GmbH'],['Joindots GmbH'],,"{'currency': 'USD', 'initial': 1799, 'final': 1799, 'discount_percent': 0, 'initial_formatted': '', 'final_formatted': '$17.99'}",[329799],"[{'name': 'default', 'title': 'Buy Winter Sports Games', 'description': '', 'selection_text': 'Select a purchase option', 'save_text': '', 'display_type': 0, 'is_recurring_subscription': 'false', 'subs': [{'packageid': 329799, 'percent_savings_text': ' ', 'percent_savings': 0, 'option_text': 'Winter Sports Games - $17.99', 'option_description': '', 'can_get_free_license': '0', 'is_free_license': False, 'price_in_cents_with_discount': 1799}]}]","{'windows': True, 'mac': False, 'linux': False}",,,"[{'id': 2, 'description': 'Single-player'}, {'id': 1, 'description': 'Multi-player'}, {'id': 49, 'description': 'PvP'}, {'id': 37, 'description': 'Shared/Split Screen PvP'}, {'id': 24, 'description': 'Shared/Split Screen'}, {'id': 22, 'description': 'Steam Achievements'}, {'id': 28, 'description': 'Full controller support'}, {'id': 44, 'description': 'Remote Play Together'}]","[{'id': '1', 'description': 'Action'}, {'id': '23', 'description': 'Indie'}, {'id': '28', 'description': 'Simulation'}, {'id': '18', 'description': 'Sports'}]","[{'id': 0, 'path_thumbnail': 'https://cdn.akamai.steamstatic.com/steam/apps/998530/ss_631cf2dc8c2af9c4729187064c2aba36eff8c955.600x338.jpg?t=1577182124', 'path_full': 'https://cdn.akamai.steamstatic.com/steam/apps/998530/ss_631cf2dc8c2af9c4729187064c2aba36eff8c955.1920x1080.jpg?t=1577182124'}, {'id': 1, 'path_thumbnail': 'https://cdn.akamai.steamstatic.com/steam/apps/998530/ss_64a847897f1d93aed2d88375bee1affa8dc68260.600x338.jpg?t=1577182124', 'path_full': 'https://cdn.akamai.steamstatic.com/steam/apps/998530/ss_64a847897f1d93aed2d88375bee1affa8dc68260.1920x1080.jpg?t=1577182124'}, {'id': 2, 'path_thumbnail': 'https://cdn.akamai.steamstatic.com/steam/apps/998530/ss_8d1a1c68d4f456e5c07d17d60676216a568e516f.600x338.jpg?t=1577182124', 'path_full': 'https://cdn.akamai.steamstatic.com/steam/apps/998530/ss_8d1a1c68d4f456e5c07d17d60676216a568e516f.1920x1080.jpg?t=1577182124'}, {'id': 3, 'path_thumbnail': 'https://cdn.akamai.steamstatic.com/steam/apps/998530/ss_632a4d5b203f23b9310d390995f56fa1a9694d4e.600x338.jpg?t=1577182124', 'path_full': 'https://cdn.akamai.steamstatic.com/steam/apps/998530/ss_632a4d5b203f23b9310d390995f56fa1a9694d4e.1920x1080.jpg?t=1577182124'}, {'id': 4, 'path_thumbnail': 'https://cdn.akamai.steamstatic.com/steam/apps/998530/ss_07d81d0ea68954217625abd87b75bbfd822975e8.600x338.jpg?t=1577182124', 'path_full': 'https://cdn.akamai.steamstatic.com/steam/apps/998530/ss_07d81d0ea68954217625abd87b75bbfd822975e8.1920x1080.jpg?t=1577182124'}, {'id': 5, 'path_thumbnail': 'https://cdn.akamai.steamstatic.com/steam/apps/998530/ss_648f706a8b7465f5d64ae8694994b93eed81fbbb.600x338.jpg?t=1577182124', 'path_full': 'https://cdn.akamai.steamstatic.com/steam/apps/998530/ss_648f706a8b7465f5d64ae8694994b93eed81fbbb.1920x1080.jpg?t=1577182124'}, {'id': 6, 'path_thumbnail': 'https://cdn.akamai.steamstatic.com/steam/apps/998530/ss_7cc8135bf57c4f825ce5d218a25372f0acaef60c.600x338.jpg?t=1577182124', 'path_full': 'https://cdn.akamai.steamstatic.com/steam/apps/998530/ss_7cc8135bf57c4f825ce5d218a25372f0acaef60c.1920x1080.jpg?t=1577182124'}, {'id': 7, 'path_thumbnail': 'https://cdn.akamai.steamstatic.com/steam/apps/998530/ss_203d86dbafd7b9a7f1fc6c69c19921e9a6a3c8aa.600x338.jpg?t=1577182124', 'path_full': 'https://cdn.akamai.steamstatic.com/steam/apps/998530/ss_203d86dbafd7b9a7f1fc6c69c19921e9a6a3c8aa.1920x1080.jpg?t=1577182124'}, {'id': 8, 'path_thumbnail': 'https://cdn.akamai.steamstatic.com/steam/apps/998530/ss_8bb2240b821b816d118f870d86b0189222facbb6.600x338.jpg?t=1577182124', 'path_full': 'https://cdn.akamai.steamstatic.com/steam/apps/998530/ss_8bb2240b821b816d118f870d86b0189222facbb6.1920x1080.jpg?t=1577182124'}, {'id': 9, 'path_thumbnail': 'https://cdn.akamai.steamstatic.com/steam/apps/998530/ss_3c21b7896022e6095125117c3cc361ed48e8dc06.600x338.jpg?t=1577182124', 'path_full': 'https://cdn.akamai.steamstatic.com/steam/apps/998530/ss_3c21b7896022e6095125117c3cc361ed48e8dc06.1920x1080.jpg?t=1577182124'}]","[{'id': 256768700, 'name': 'Winter Sports Games Trailer', 'thumbnail': 'https://cdn.akamai.steamstatic.com/steam/apps/256768700/movie.293x165.jpg?t=1575636648', 'webm': {'480': 'http://cdn.akamai.steamstatic.com/steam/apps/256768700/movie480.webm?t=1575636648', 'max': 'http://cdn.akamai.steamstatic.com/steam/apps/256768700/movie_max.webm?t=1575636648'}, 'mp4': {'480': 'http://cdn.akamai.steamstatic.com/steam/apps/256768700/movie480.mp4?t=1575636648', 'max': 'http://cdn.akamai.steamstatic.com/steam/apps/256768700/movie_max.mp4?t=1575636648'}, 'highlight': True}]",,"{'total': 17, 'highlighted': [{'name': 'Wood Cup Winner', 'path': 'https://cdn.akamai.steamstatic.com/steamcommunity/public/images/apps/998530/46d0f0f9b0617c8ece5c48350b9acd0fe66f0be4.jpg'}, {'name': 'Iron Cup Winner', 'path': 'https://cdn.akamai.steamstatic.com/steamcommunity/public/images/apps/998530/3762ab89bad20af830ad421cb9d78908012f26fe.jpg'}, {'name': 'Bronze Cup Winner', 'path': 'https://cdn.akamai.steamstatic.com/steamcommunity/public/images/apps/998530/7ab3c9e55647878d00854965483bedef80493cb7.jpg'}, {'name': 'Silver Cup Winner', 'path': 'https://cdn.akamai.steamstatic.com/steamcommunity/public/images/apps/998530/26ab10dfa08f837ee2042cdd7b5e2b65f67e9165.jpg'}, {'name': 'Gold Cup Winner', 'path': 'https://cdn.akamai.steamstatic.com/steamcommunity/public/images/apps/998530/e575190a5395442e85c6c3ad42c205ef972dfbb5.jpg'}, {'name': 'Perfect Game', 'path': 'https://cdn.akamai.steamstatic.com/steamcommunity/public/images/apps/998530/96e9d6afa4604b983cea39cf518382e97a382b11.jpg'}, {'name': 'Long Jump', 'path': 'https://cdn.akamai.steamstatic.com/steamcommunity/public/images/apps/998530/7939906916645ed53f24a26c7bed10f5736cb79a.jpg'}, {'name': 'High Speed', 'path': 'https://cdn.akamai.steamstatic.com/steamcommunity/public/images/apps/998530/c701cbfceca20f855a6b365a765419a21a7affb6.jpg'}, {'name': 'Bob Master', 'path': 'https://cdn.akamai.steamstatic.com/steamcommunity/public/images/apps/998530/897a60e266271354fa73850cae946735ddac74a6.jpg'}, {'name': 'Luge Master', 'path': 'https://cdn.akamai.steamstatic.com/steamcommunity/public/images/apps/998530/ea102d1c9551fda4146710883349232235466eb2.jpg'}]}","{'coming_soon': False, 'date': 'Dec 24, 2019'}","{'url': '', 'email': 'support@joindots.de'}",https://cdn.akamai.steamstatic.com/steam/apps/998530/page_bg_generated_v6b.jpg?t=1577182124,"{'ids': [], 'notes': None}"
game,PARTY BINGO,1066730,0,False,,,"This game is four kinds of party games arranged BINGO.<br />
<br />
Buzzer BINGO<br />
Buzzer BINGO is a game in which 4 players scramble for the number that appears.<br />
<br />
Slide BINGO<br />
Slide BINGO is a game in which you move the rows around to allign the red tiles on your card to make a row.<br />
<br />
BINGO Poker<br />
BINGO Poker is a game in which you try to get a BINGO using both the pre-existing red tiles and the new numbers you get.<br />
However, when you acquire a new number, you must throw away one existing number in return.<br />
<br />
Classic BINGO<br />
Classic BINGO is a simple game in which you take in all the numbers that appear on your card.","This game is four kinds of party games arranged BINGO.<br />
<br />
Buzzer BINGO<br />
Buzzer BINGO is a game in which 4 players scramble for the number that appears.<br />
<br />
Slide BINGO<br />
Slide BINGO is a game in which you move the rows around to allign the red tiles on your card to make a row.<br />
<br />
BINGO Poker<br />
BINGO Poker is a game in which you try to get a BINGO using both the pre-existing red tiles and the new numbers you get.<br />
However, when you acquire a new number, you must throw away one existing number in return.<br />
<br />
Classic BINGO<br />
Classic BINGO is a simple game in which you take in all the numbers that appear on your card.",This game is four kinds of party games arranged BINGO.,,"English, French, German, Spanish - Spain, Japanese",https://cdn.akamai.steamstatic.com/steam/apps/1066730/header.jpg?t=1556838371,,"{'minimum': '<strong>Minimum:</strong><br><ul class=""bb_ul""><li><strong>OS:</strong> Windows 7 SP1, Windows 8.1, Windows 10 (64bit versions only)<br></li><li><strong>Processor:</strong> Intel Core i3 2100<br></li><li><strong>Memory:</strong> 512 MB RAM<br></li><li><strong>Graphics:</strong> DirectX 9 Compatible Graphics Card<br></li><li><strong>DirectX:</strong> Version 9.0c<br></li><li><strong>Storage:</strong> 500 MB available space<br></li><li><strong>Additional Notes:</strong> Other : Keyborad,Gamepad(XInput only). Resolution : 16:9 only.</li></ul>', 'recommended': '<strong>Recommended:</strong><br><ul class=""bb_ul""><li><strong>OS:</strong> Windows 7 SP1, Windows 8.1, Windows 10 (64bit versions only)<br></li><li><strong>Processor:</strong> Intel Core i5 4670<br></li><li><strong>Memory:</strong> 1 GB RAM<br></li><li><strong>Graphics:</strong> DirectX 9 Compatible Graphics Card<br></li><li><strong>DirectX:</strong> Version 9.0c<br></li><li><strong>Storage:</strong> 500 MB available space<br></li><li><strong>Additional Notes:</strong> Other : Keyborad,Gamepad(XInput only). Resolution : 16:9 only.</li></ul>'}",[],[],,,,"['SIMS CO., LTD.']","['SIMS CO., LTD.']",,"{'currency': 'USD', 'initial': 199, 'final': 199, 'discount_percent': 0, 'initial_formatted': '', 'final_formatted': '$1.99'}",[357084],"[{'name': 'default', 'title': 'Buy PARTY BINGO', 'description': '', 'selection_text': 'Select a purchase option', 'save_text': '', 'display_type': 0, 'is_recurring_subscription': 'false', 'subs': [{'packageid': 357084, 'percent_savings_text': ' ', 'percent_savings': 0, 'option_text': 'BINGO for Nintendo Switch - $1.99', 'option_description': '', 'can_get_free_license': '0', 'is_free_license': False, 'price_in_cents_with_discount': 199}]}]","{'windows': True, 'mac': False, 'linux': False}",,,"[{'id': 2, 'description': 'Single-player'}, {'id': 1, 'description': 'Multi-player'}, {'id': 49, 'description': 'PvP'}, {'id': 37, 'description': 'Shared/Split Screen PvP'}, {'id': 18, 'description': 'Partial Controller Support'}, {'id': 44, 'description': 'Remote Play Together'}]","[{'id': '4', 'description': 'Casual'}]","[{'id': 0, 'path_thumbnail': 'https://cdn.akamai.steamstatic.com/steam/apps/1066730/ss_c165362143e94ba7d441887f5c65a2d53f26f7c6.600x338.jpg?t=1556838371', 'path_full': 'https://cdn.akamai.steamstatic.com/steam/apps/1066730/ss_c165362143e94ba7d441887f5c65a2d53f26f7c6.1920x1080.jpg?t=1556838371'}, {'id': 1, 'path_thumbnail': 'https://cdn.akamai.steamstatic.com/steam/apps/1066730/ss_42eb7d44b81411c22c905dda2695cfee751ee6df.600x338.jpg?t=1556838371', 'path_full': 'https://cdn.akamai.steamstatic.com/steam/apps/1066730/ss_42eb7d44b81411c22c905dda2695cfee751ee6df.1920x1080.jpg?t=1556838371'}, {'id': 2, 'path_thumbnail': 'https://cdn.akamai.steamstatic.com/steam/apps/1066730/ss_473e8d80b9e7ebd7fc56e4b30e5254639044c4ac.600x338.jpg?t=1556838371', 'path_full': 'https://cdn.akamai.steamstatic.com/steam/apps/1066730/ss_473e8d80b9e7ebd7fc56e4b30e5254639044c4ac.1920x1080.jpg?t=1556838371'}, {'id': 3, 'path_thumbnail': 'https://cdn.akamai.steamstatic.com/steam/apps/1066730/ss_b235a589300cf0de064edda938a2d516081dcc8e.600x338.jpg?t=1556838371', 'path_full': 'https://cdn.akamai.steamstatic.com/steam/apps/1066730/ss_b235a589300cf0de064edda938a2d516081dcc8e.1920x1080.jpg?t=1556838371'}, {'id': 4, 'path_thumbnail': 'https://cdn.akamai.steamstatic.com/steam/apps/1066730/ss_68d3339b0abe11d029f118500b9f5d76c676868f.600x338.jpg?t=1556838371', 'path_full': 'https://cdn.akamai.steamstatic.com/steam/apps/1066730/ss_68d3339b0abe11d029f118500b9f5d76c676868f.1920x1080.jpg?t=1556838371'}, {'id': 5, 'path_thumbnail': 'https://cdn.akamai.steamstatic.com/steam/apps/1066730/ss_a20494a92a98df5910fdc0c3beb2d8998f77da72.600x338.jpg?t=1556838371', 'path_full': 'https://cdn.akamai.steamstatic.com/steam/apps/1066730/ss_a20494a92a98df5910fdc0c3beb2d8998f77da72.1920x1080.jpg?t=1556838371'}, {'id': 6, 'path_thumbnail': 'https://cdn.akamai.steamstatic.com/steam/apps/1066730/ss_12172532c82545cf487f59c91ebc8f6cfe1e48f3.600x338.jpg?t=1556838371', 'path_full': 'https://cdn.akamai.steamstatic.com/steam/apps/1066730/ss_12172532c82545cf487f59c91ebc8f6cfe1e48f3.1920x1080.jpg?t=1556838371'}, {'id': 7, 'path_thumbnail': 'https://cdn.akamai.steamstatic.com/steam/apps/1066730/ss_50749ca17c281031d107c275746483092ab37987.600x338.jpg?t=1556838371', 'path_full': 'https://cdn.akamai.steamstatic.com/steam/apps/1066730/ss_50749ca17c281031d107c275746483092ab37987.1920x1080.jpg?t=1556838371'}]","[{'id': 256748236, 'name': 'PartyBingoUS', 'thumbnail': 'https://cdn.akamai.steamstatic.com/steam/apps/256748236/movie.293x165.jpg?t=1555581120', 'webm': {'480': 'http://cdn.akamai.steamstatic.com/steam/apps/256748236/movie480.webm?t=1555581120', 'max': 'http://cdn.akamai.steamstatic.com/steam/apps/256748236/movie_max.webm?t=1555581120'}, 'mp4': {'480': 'http://cdn.akamai.steamstatic.com/steam/apps/256748236/movie480.mp4?t=1555581120', 'max': 'http://cdn.akamai.steamstatic.com/steam/apps/256748236/movie_max.mp4?t=1555581120'}, 'highlight': True}]",,,"{'coming_soon': False, 'date': 'May 2, 2019'}","{'url': '', 'email': 'kanazawa@sims.co.jp'}",https://cdn.akamai.steamstatic.com/steam/apps/1066730/page_bg_generated_v6b.jpg?t=1556838371,"{'ids': [], 'notes': None}"
game,Typing Instructor for Kids Gold,1074870,0,False,,,"Typing Instructor for Kids Gold is the most advanced Typing Program available. It presents Typing Instructor in full-screen size and rich color for the optimum Typing Instructor experience for kids. No other Typing tutorial is more entertaining and educational.<br />
<br />
Get your kids to the head of the class as they learn to become Touch Typists on a motivating adventure on Typer Island. Kids start their journey in the Old West at Wild Bill’s Soda Shoppe. They’ll learn to conquer the a, s, l, and ; keys, take on typing lessons, challenges, and games. The Typer Island Adventure is packed with so much fun and motivation, kids forget they are learning to type. “Boring” is not a word you’ll hear as kids continue their Adventure in new lands, On the Water, In the Air, Over the Edge, and Under the Sea. Typing Instructor for Kids is the perfect typing solution for parents, too, as kids will not need help as they are guided step-by-step by Toby, a young boy, and his feathered-sidekick, Layfette. They help kids progress through the Adventure using just the keys they have learned.<br />
<br />
Packed with Motivation<br />
Kids are motivated to learn new keys, pass typing tests and complete challenges to earn coins, points, and jewels for their Treasure Chest. After completing typing activities in each land, the ultimate reward is reaching the Castle. Once at the Castle, kids become the ruler of Typer Island and embark on more adventures and games. The Castle’s secret passageway takes them to the Lost City, a mysterious underwater city, filled with surprises and a challenging underwater scavenger hunt game.<br />
<br />
Explorer Isle Cave<br />
Kids can take a break from their typing adventure at any time to explore Typer Island. The Cave on Explorer Isle has an awesome game room where kids can choose to play any of Typer Island’s games – except the exciting bonus games available in the Castle and the Lost City. They must reach the Castle to play those games. Kids can choose to take more lessons or challenges on Explorer Isle. They can also visit Story Lagoon and practice their skills by typing a favorite story from literature, such as excerpts from The Adventures of Tom Sawyer, a nursery rhyme, a classic book, or a fairy tale.<br />
<br />
Adventurer Tools<br />
Typer Island has a lot of Adventurer tools for kids to find their way around the Island. Aboard the Tour Ship kids can learn everything about Typer Island! A convenient Map Room helps kids see where they are on their Typer Island Adventure, where they are going next, and what keys they will learn. The Treasure Chest shows what new coins and points they have earned. Kids can display a variety of graphs in the Saved Results area to see their performance on all their typing activities; lessons, challenges, stories and even games. They can see their progress and the keys on the keyboard they need to practice.<br />
<br />
Hours of Fun<br />
Typer Island has unique games to keep kids interested in playing. This repetitive activity builds finger-to-key memory and before they know it, they are well on their way to becoming Touch Typists! Games can be played in a wide variety of ways; at varying levels of difficulty to keep kids interested in continuing to the next level. Games can be played with just the keys they have learned so far, or with all the keys on the keyboard.<br />
<br />
Adventure Settings<br />
There are a lot of choices on Typer Island. Kids can select English or Spanish and a Typing Plan that fits their skill level – there are 11 unique plans! They set their goal word per minute, which can be adjusted, if needed, at any time.","Typing Instructor for Kids Gold is the most advanced Typing Program available. It presents Typing Instructor in full-screen size and rich color for the optimum Typing Instructor experience for kids. No other Typing tutorial is more entertaining and educational.<br />
<br />
Get your kids to the head of the class as they learn to become Touch Typists on a motivating adventure on Typer Island. Kids start their journey in the Old West at Wild Bill’s Soda Shoppe. They’ll learn to conquer the a, s, l, and ; keys, take on typing lessons, challenges, and games. The Typer Island Adventure is packed with so much fun and motivation, kids forget they are learning to type. “Boring” is not a word you’ll hear as kids continue their Adventure in new lands, On the Water, In the Air, Over the Edge, and Under the Sea. Typing Instructor for Kids is the perfect typing solution for parents, too, as kids will not need help as they are guided step-by-step by Toby, a young boy, and his feathered-sidekick, Layfette. They help kids progress through the Adventure using just the keys they have learned.<br />
<br />
Packed with Motivation<br />
Kids are motivated to learn new keys, pass typing tests and complete challenges to earn coins, points, and jewels for their Treasure Chest. After completing typing activities in each land, the ultimate reward is reaching the Castle. Once at the Castle, kids become the ruler of Typer Island and embark on more adventures and games. The Castle’s secret passageway takes them to the Lost City, a mysterious underwater city, filled with surprises and a challenging underwater scavenger hunt game.<br />
<br />
Explorer Isle Cave<br />
Kids can take a break from their typing adventure at any time to explore Typer Island. The Cave on Explorer Isle has an awesome game room where kids can choose to play any of Typer Island’s games – except the exciting bonus games available in the Castle and the Lost City. They must reach the Castle to play those games. Kids can choose to take more lessons or challenges on Explorer Isle. They can also visit Story Lagoon and practice their skills by typing a favorite story from literature, such as excerpts from The Adventures of Tom Sawyer, a nursery rhyme, a classic book, or a fairy tale.<br />
<br />
Adventurer Tools<br />
Typer Island has a lot of Adventurer tools for kids to find their way around the Island. Aboard the Tour Ship kids can learn everything about Typer Island! A convenient Map Room helps kids see where they are on their Typer Island Adventure, where they are going next, and what keys they will learn. The Treasure Chest shows what new coins and points they have earned. Kids can display a variety of graphs in the Saved Results area to see their performance on all their typing activities; lessons, challenges, stories and even games. They can see their progress and the keys on the keyboard they need to practice.<br />
<br />
Hours of Fun<br />
Typer Island has unique games to keep kids interested in playing. This repetitive activity builds finger-to-key memory and before they know it, they are well on their way to becoming Touch Typists! Games can be played in a wide variety of ways; at varying levels of difficulty to keep kids interested in continuing to the next level. Games can be played with just the keys they have learned so far, or with all the keys on the keyboard.<br />
<br />
Adventure Settings<br />
There are a lot of choices on Typer Island. Kids can select English or Spanish and a Typing Plan that fits their skill level – there are 11 unique plans! They set their goal word per minute, which can be adjusted, if needed, at any time.",Typing Instructor for Kids Gold is the most advanced Typing Program available. It presents Typing Instructor in full-screen size and rich color for the optimum Typing Instructor experience for kids. No other Typing tutorial is more entertaining and educational.,,"English<strong>*</strong>, Spanish - Latin America<strong>*</strong><br><strong>*</strong>languages with full audio support",https://cdn.akamai.steamstatic.com/steam/apps/1074870/header.jpg?t=1561494002,,"{'minimum': '<strong>Minimum:</strong><br><ul class=""bb_ul""><li><strong>OS:</strong> Windows 10, 8, 7<br></li><li><strong>Processor:</strong> Intel<br></li><li><strong>Memory:</strong> 480 MB RAM<br></li><li><strong>Storage:</strong> 480 MB available space<br></li><li><strong>Sound Card:</strong> Recommended</li></ul>'}",[],[],,,,['Individual Software'],['Individual Software'],,"{'currency': 'USD', 'initial': 2999, 'final': 2999, 'discount_percent': 0, 'initial_formatted': '', 'final_formatted': '$29.99'}",[360545],"[{'name': 'default', 'title': 'Buy Typing Instructor for Kids Gold', 'description': '', 'selection_text': 'Select a purchase option', 'save_text': '', 'display_type': 0, 'is_recurring_subscription': 'false', 'subs': [{'packageid': 360545, 'percent_savings_text': ' ', 'percent_savings': 0, 'option_text': 'Typing Instructor for Kids Gold - $29.99', 'option_description': '', 'can_get_free_license': '0', 'is_free_license': False, 'price_in_cents_with_discount': 2999}]}]","{'windows': True, 'mac': False, 'linux': False}",,,,"[{'id': '54', 'description': 'Education'}]","[{'id': 0, 'path_thumbnail': 'https://cdn.akamai.steamstatic.com/steam/apps/1074870/ss_f9d78523a01a32cb24e123c3a97e0c75cdea25f3.600x338.jpg?t=1561494002', 'path_full': 'https://cdn.akamai.steamstatic.com/steam/apps/1074870/ss_f9d78523a01a32cb24e123c3a97e0c75cdea25f3.1920x1080.jpg?t=1561494002'}, {'id': 1, 'path_thumbnail': 'https://cdn.akamai.steamstatic.com/steam/apps/1074870/ss_c9e9dd52d7da734cdff45db76a0c80d748db63cb.600x338.jpg?t=1561494002', 'path_full': 'https://cdn.akamai.steamstatic.com/steam/apps/1074870/ss_c9e9dd52d7da734cdff45db76a0c80d748db63cb.1920x1080.jpg?t=1561494002'}, {'id': 2, 'path_thumbnail': 'https://cdn.akamai.steamstatic.com/steam/apps/1074870/ss_1a4b5021caf5618214938be387bf58856d4a41c7.600x338.jpg?t=1561494002', 'path_full': 'https://cdn.akamai.steamstatic.com/steam/apps/1074870/ss_1a4b5021caf5618214938be387bf58856d4a41c7.1920x1080.jpg?t=1561494002'}, {'id': 3, 'path_thumbnail': 'https://cdn.akamai.steamstatic.com/steam/apps/1074870/ss_0176cd855d729d3e55eadb5f33b9d1bc7a8b08b0.600x338.jpg?t=1561494002', 'path_full': 'https://cdn.akamai.steamstatic.com/steam/apps/1074870/ss_0176cd855d729d3e55eadb5f33b9d1bc7a8b08b0.1920x1080.jpg?t=1561494002'}, {'id': 4, 'path_thumbnail': 'https://cdn.akamai.steamstatic.com/steam/apps/1074870/ss_c03d25292a8c97288b745972560cd3c49896e6b1.600x338.jpg?t=1561494002', 'path_full': 'https://cdn.akamai.steamstatic.com/steam/apps/1074870/ss_c03d25292a8c97288b745972560cd3c49896e6b1.1920x1080.jpg?t=1561494002'}]","[{'id': 256752584, 'name': 'Typing Gold!', 'thumbnail': 'https://cdn.akamai.steamstatic.com/steam/apps/256752584/movie.293x165.jpg?t=1560454531', 'webm': {'480': 'http://cdn.akamai.steamstatic.com/steam/apps/256752584/movie480.webm?t=1560454531', 'max': 'http://cdn.akamai.steamstatic.com/steam/apps/256752584/movie_max.webm?t=1560454531'}, 'mp4': {'480': 'http://cdn.akamai.steamstatic.com/steam/apps/256752584/movie480.mp4?t=1560454531', 'max': 'http://cdn.akamai.steamstatic.com/steam/apps/256752584/movie_max.mp4?t=1560454531'}, 'highlight': True}]",,,"{'coming_soon': False, 'date': 'Jun 25, 2019'}","{'url': 'http://www.individualsoftware.com/?page_id=1047', 'email': 'customercare@individualsoftware.com'}",https://cdn.akamai.steamstatic.com/steam/apps/1074870/page_bg_generated_v6b.jpg?t=1561494002,"{'ids': [], 'notes': None}"
